Date,CBP_Intake,CBP_Custody,HHS_Transfers,HHS_Care,HHS_Discharges,Days_Since_Previous_Report,Transfer_Exceeds_CBP,Discharge_Exceeds_HHS,Total_System_Load,Net_Intake,Care_Load_Growth_Rate,Rolling_7D_Load,Rolling_14D_Load,Cumulative_Net_Intake,Positive_Net_Intake,Load_Volatility_7_Obs,Discharge_Offset_Ratio,Anomaly_Flag
2023-01-12,33,53,34,6566,436,,False,False,6619,-402,,,,-402,False,,12.823529411764707,None
2023-01-22,32,49,39,7122,227,10.0,False,False,7171,-188,8.339628342649942,,,-590,False,,5.82051282051282,None
2023-01-23,32,50,39,7280,181,1.0,False,False,7330,-142,2.2172639799191263,7040.0,,-732,False,373.16350303854745,4.641025641025641,None
2023-01-24,47,42,47,7433,175,1.0,True,False,7475,-128,1.9781718963165051,7148.75,,-860,False,374.3531087088766,3.723404255319149,Transfer exceedds reported CBP custody
2023-01-25,20,22,41,7538,180,1.0,True,False,7560,-139,1.1371237458194017,7231.0,,-999,False,372.7338192329749,4.390243902439025,Transfer exceedds reported CBP custody
2023-01-29,23,45,11,7472,303,4.0,False,False,7517,-292,-0.5687830687830742,7278.666666666667,,-1291,False,353.2379745535107,27.545454545454547,None
2023-01-30,34,54,29,7743,196,1.0,False,False,7797,-167,3.7248902487694524,7352.714285714285,7352.714285714285,-1458,False,377.3092075410273,6.758620689655173,None
2023-01-31,26,36,36,7803,158,1.0,False,False,7839,-122,0.538668718737978,7527.0,7413.5,-1580,False,237.9362659761355,4.388888888888889,None
2023-02-01,25,32,27,7903,231,1.0,False,False,7935,-204,1.2246460007653948,7636.142857142857,7471.444444444444,-1784,False,222.120409216433,8.555555555555555,None
2023-02-02,15,13,23,7879,298,1.0,True,False,7892,-275,-0.5419029615627013,7716.428571428572,7513.5,-2059,False,192.63251468608564,12.956521739130435,Transfer exceedds reported CBP custody
2023-02-05,16,18,15,7586,342,3.0,False,False,7604,-327,-3.6492650785605707,7734.857142857143,7521.727272727273,-2386,False,170.59643272103347,22.8,None
2023-02-06,11,22,12,7720,196,1.0,False,False,7742,-184,1.8148342977380327,7760.857142857143,7540.083333333333,-2570,False,152.40453686535065,16.333333333333332,None
2023-02-07,16,20,20,7855,200,1.0,False,False,7875,-180,1.7179023508137492,7812.0,7565.846153846154,-2750,False,111.51681487560069,10.0,None
2023-02-08,93,196,169,7915,317,1.0,False,False,8111,-148,2.9968253968253977,7856.857142857143,7604.785714285715,-2898,False,157.95930759895634,1.8757396449704142,None
2023-02-09,124,234,161,7908,353,1.0,False,False,8142,-192,0.3821970163974786,7900.142857142857,7713.571428571428,-3090,False,190.42883935250345,2.1925465838509317,None
2023-02-12,92,203,173,7434,317,3.0,False,False,7637,-144,-6.202407270940801,7857.571428571428,7746.857142857143,-3234,False,213.276703793338,1.8323699421965318,None
2023-02-13,186,259,172,7483,244,1.0,False,False,7742,-72,1.3748854262144894,7836.142857142857,7776.285714285715,-3306,False,216.74826302374026,1.4186046511627908,None
2023-02-14,154,225,220,7794,223,1.0,False,False,8019,-3,3.577886850942913,7895.428571428572,7815.142857142857,-3309,False,198.67130068101022,1.0136363636363637,None
2023-02-15,91,199,172,7869,290,1.0,False,False,8068,-118,0.6110487591969083,7942.0,7851.428571428572,-3427,False,194.8845812269367,1.686046511627907,None
2023-02-16,81,213,153,7793,361,1.0,False,False,8006,-208,-0.7684680218145723,7960.714285714285,7886.357142857143,-3635,False,193.6644127399331,2.3594771241830066,None
2023-02-20,209,285,184,7817,209,4.0,False,False,8102,-25,1.1991006744941357,7959.428571428572,7908.142857142857,-3660,False,192.52693070741418,1.1358695652173914,None
2023-02-21,184,314,217,7967,213,1.0,False,False,8281,4,2.209331029375461,7979.285714285715,7939.714285714285,-3656,True,219.74053964142158,0.9815668202764977,None
2023-02-22,107,215,230,7978,232,1.0,True,False,8193,-2,-1.0626735901461126,8058.714285714285,7958.142857142857,-3658,False,170.32685664696692,1.008695652173913,Transfer exceedds reported CBP custody
2023-02-23,101,162,178,7914,386,1.0,True,False,8076,-208,-1.42804833394361,8106.428571428572,7971.285714285715,-3866,False,98.42231647827964,2.168539325842697,Transfer exceedds reported CBP custody
2023-02-26,99,190,176,7609,323,3.0,False,False,7799,-147,-3.42991579990094,8075.0,7985.214285714285,-4013,False,151.69926389625292,1.8352272727272727,None
2023-02-27,167,239,166,7800,248,1.0,False,False,8039,-82,3.077317604821128,8070.857142857143,8006.428571428572,-4095,False,152.3170252810713,1.4939759036144578,None
2023-02-28,115,216,169,7896,200,1.0,False,False,8112,-31,0.9080731434258027,8086.0,8023.357142857143,-4126,False,150.04665940965927,1.183431952662722,None
2023-03-01,84,158,193,7930,307,1.0,True,False,8088,-114,-0.295857988165682,8084.0,8021.714285714285,-4240,False,149.89107155975512,1.5906735751295338,Transfer exceedds reported CBP custody
2023-03-02,130,227,192,7870,335,1.0,False,False,8097,-143,0.1112759643916883,8057.714285714285,8018.5,-4383,False,123.37438184338126,1.7447916666666667,None
2023-03-07,88,214,160,7859,259,5.0,False,False,8073,-99,-0.2964060763245624,8040.571428571428,8049.642857142857,-4482,False,108.93554232182801,1.61875,None
2023-03-08,113,208,159,7885,291,1.0,False,False,8093,-132,0.24773937817414993,8043.0,8074.714285714285,-4614,False,110.04090148666721,1.830188679245283,None
2023-03-09,174,285,150,7786,340,1.0,False,False,8071,-190,-0.27183986160880247,8081.857142857143,8078.428571428572,-4804,False,23.568542391809025,2.2666666666666666,None
2023-03-13,104,230,206,7567,249,4.0,False,False,7797,-43,-3.3948705240986254,8047.285714285715,8059.071428571428,-4847,False,111.26052652177765,1.2087378640776698,None
2023-03-14,147,276,214,7810,181,1.0,False,False,8086,33,3.70655380274465,8043.571428571428,8064.785714285715,-4814,True,109.15410687471856,0.8457943925233645,None
2023-03-15,108,220,213,7915,286,1.0,False,False,8135,-73,0.6059856542171671,8050.285714285715,8067.142857142857,-4887,False,113.69361501525269,1.3427230046948357,None
2023-03-16,180,280,146,7989,308,1.0,False,False,8269,-162,1.647203441917644,8074.857142857143,8066.285714285715,-5049,False,140.82190711607268,2.1095890410958904,None
2023-03-19,134,294,186,7885,306,3.0,False,False,8179,-120,-1.0884024670455905,8090.0,8065.285714285715,-5169,False,146.18595463768585,1.6451612903225807,None
2023-03-20,202,313,158,7931,279,1.0,False,False,8244,-121,0.7947181807066883,8111.571428571428,8077.285714285715,-5290,False,157.41225825080198,1.7658227848101267,None
2023-03-21,110,272,193,8050,221,1.0,False,False,8322,-28,0.9461426491994107,8147.428571428572,8114.642857142857,-5318,False,174.31088811168303,1.145077720207254,None
2023-03-22,166,277,229,8097,246,1.0,False,False,8374,-17,0.6248497957221932,8229.857142857143,8138.571428571428,-5335,False,102.69603785187509,1.074235807860262,None
2023-03-23,136,276,178,8102,331,1.0,False,False,8378,-153,0.04776689754000252,8271.57142857143,8157.571428571428,-5488,False,93.40745356206719,1.8595505617977528,None
2023-03-26,87,246,173,7847,352,3.0,False,False,8093,-179,-3.4017665313917367,8265.57142857143,8157.928571428572,-5667,False,104.35014317646991,2.0346820809248554,None
2023-03-27,84,171,157,7994,235,1.0,False,False,8165,-78,0.8896577289015273,8250.714285714286,8162.785714285715,-5745,False,110.97404243892164,1.4968152866242037,None
2023-03-28,167,209,157,8079,223,1.0,False,False,8288,-66,1.5064298836497292,8266.285714285714,8178.142857142857,-5811,False,106.80311213584628,1.4203821656050954,None
2023-03-29,109,245,159,8208,267,1.0,False,False,8453,-108,1.9908301158301223,8296.142857142857,8203.857142857143,-5919,False,126.86400667830634,1.679245283018868,None
2023-03-30,156,256,176,8158,359,1.0,False,False,8414,-183,-0.4613746598840618,8309.285714285714,8228.357142857143,-6102,False,134.5234976818864,2.039772727272727,None
2023-04-02,125,232,192,7981,304,3.0,False,False,8213,-112,-2.388875683384839,8286.285714285714,8258.07142857143,-6214,False,135.3756677862335,1.5833333333333333,None
2023-04-03,118,139,168,8054,284,1.0,True,False,8193,-116,-0.24351637647631597,8259.857142857143,8265.714285714286,-6330,False,132.51468921270686,1.6904761904761905,Transfer exceedds reported CBP custody
2023-04-04,142,235,139,8068,259,1.0,False,False,8303,-120,1.3426095447333086,8289.857142857143,8277.714285714286,-6450,False,110.36368450328217,1.8633093525179856,None
2023-04-05,148,245,175,8175,260,1.0,False,False,8420,-85,1.4091292303986425,8326.285714285714,8288.5,-6535,False,104.19487237176413,1.4857142857142858,None
2023-04-06,119,219,210,8178,284,1.0,False,False,8397,-74,-0.2731591448931092,8341.857142857143,8304.07142857143,-6609,False,105.65419785226784,1.3523809523809525,None
2023-04-09,105,210,149,7900,329,3.0,False,False,8110,-180,-3.4178873407169186,8292.857142857143,8294.5,-6789,False,123.54139464354955,2.208053691275168,None
2023-04-10,143,203,163,7826,265,1.0,False,False,8029,-102,-0.998766954377317,8237.857142857143,8273.57142857143,-6891,False,144.5365335263272,1.6257668711656441,None
2023-04-11,119,209,152,7922,187,1.0,False,False,8131,-35,1.2703948187819059,8226.142857142857,8256.214285714286,-6926,False,150.10266328019364,1.230263157894737,None
2023-04-12,155,212,181,7876,283,1.0,False,False,8088,-102,-0.5288402410527637,8211.142857142857,8235.5,-7028,False,158.95222402913186,1.5635359116022098,None
2023-04-13,109,214,173,7795,370,1.0,False,False,8009,-197,-0.97675568743818,8169.142857142857,8229.5,-7225,False,169.15025723837275,2.138728323699422,None
2023-04-16,191,283,192,7380,272,3.0,False,False,7663,-80,-4.320139842676984,8061.0,8193.642857142857,-7305,False,217.2011356630816,1.4166666666666667,None
2023-04-17,170,297,196,7344,248,1.0,False,False,7641,-52,-0.2870938274827095,7953.0,8147.428571428572,-7357,False,210.1245662299707,1.2653061224489797,None
2023-04-18,152,272,214,7376,234,1.0,False,False,7648,-20,0.0916110456746555,7887.0,8089.928571428572,-7377,False,224.64713070354114,1.0934579439252337,None
2023-04-19,239,367,224,7356,229,1.0,False,False,7723,-5,0.9806485355648542,7843.285714285715,8040.571428571428,-7382,False,222.16864036561438,1.0223214285714286,None
2023-04-20,113,280,237,7490,320,1.0,False,False,7770,-83,0.6085717985238936,7791.714285714285,8008.928571428572,-7465,False,182.63233949268906,1.350210970464135,None
2023-04-23,196,306,187,7534,266,3.0,False,False,7840,-79,0.9009009009008917,7756.285714285715,7983.714285714285,-7544,False,132.8454167892383,1.4224598930481283,None
2023-04-24,236,330,222,7796,213,1.0,False,False,8126,9,3.647959183673466,7773.0,7971.071428571428,-7535,True,171.6372143019538,0.9594594594594594,None
2023-04-25,81,230,242,8017,202,1.0,True,False,8247,40,1.4890475018459304,7856.428571428572,7958.714285714285,-7495,True,238.26096137279038,0.8347107438016529,Transfer exceedds reported CBP custody
2023-04-26,118,245,160,8117,256,1.0,False,False,8362,-96,1.3944464653813604,7959.428571428572,7956.214285714285,-7591,False,281.52552113017845,1.6,None
2023-04-27,218,283,208,8159,310,1.0,False,False,8442,-102,0.9567089213107005,8072.857142857143,7979.928571428572,-7693,False,294.7781247941257,1.4903846153846154,None
2023-04-30,132,243,183,8352,293,3.0,False,False,8595,-110,1.8123667377398789,8197.42857142857,8020.357142857143,-7803,False,306.31457531044117,1.6010928961748634,None
2023-05-01,224,315,152,8492,237,1.0,False,False,8807,-85,2.4665503199534644,8345.57142857143,8068.642857142857,-7888,False,315.76091015347004,1.5592105263157894,None
2023-05-02,167,326,213,8654,245,1.0,False,False,8980,-32,1.964346542522999,8508.42857142857,8132.357142857143,-7920,False,305.3603647838827,1.1502347417840375,None
2023-05-03,209,353,232,8704,267,1.0,False,False,9057,-35,0.8574610244988845,8641.42857142857,8207.214285714286,-7955,False,313.66800768903926,1.1508620689655173,None
2023-05-04,153,253,286,8790,332,1.0,True,False,9043,-46,-0.15457657060836683,8755.142857142857,8305.785714285714,-8001,False,290.25702895388065,1.1608391608391608,Transfer exceedds reported CBP custody
2023-05-07,180,337,219,8485,375,3.0,False,False,8822,-156,-2.4438792436138446,8820.857142857143,8390.142857142857,-8157,False,232.79993454423476,1.7123287671232876,None
2023-05-08,133,287,189,8590,261,1.0,False,False,8877,-72,0.6234413965087171,8883.0,8477.92857142857,-8229,False,162.15321972337344,1.380952380952381,None
2023-05-09,187,310,247,8606,250,1.0,False,False,8916,-3,0.4393376140588101,8928.857142857143,8563.142857142857,-8232,False,100.9842043281974,1.0121457489878543,None
2023-05-10,168,285,210,8681,304,1.0,False,False,8966,-94,0.56078959174517,8951.57142857143,8648.57142857143,-8326,False,85.73769521594201,1.4476190476190476,None
2023-05-11,269,412,204,8672,392,1.0,False,False,9084,-188,1.3160829801472262,8966.42857142857,8737.42857142857,-8514,False,99.40633303571889,1.9215686274509804,None
2023-05-14,100,255,236,8445,288,3.0,False,False,8700,-52,-4.227212681638049,8915.42857142857,8778.42857142857,-8566,False,131.56982574894917,1.2203389830508475,None
2023-05-15,205,294,177,8571,277,1.0,False,False,8865,-100,1.8965517241379404,8890.0,8822.57142857143,-8666,False,119.44733846619071,1.5649717514124293,None
2023-05-16,161,304,211,8572,272,1.0,False,False,8876,-61,0.12408347433727762,8897.714285714286,8859.285714285714,-8727,False,116.018266213679,1.2890995260663507,None
2023-05-17,57,162,193,8569,307,1.0,True,False,8731,-114,-1.6336187471834185,8876.857142857143,8879.92857142857,-8841,False,132.33849096338668,1.5906735751295338,Transfer exceedds reported CBP custody
2023-05-18,80,122,152,8474,351,1.0,True,False,8596,-199,-1.5462146374985664,8831.142857142857,8880.0,-9040,False,167.23280038258073,2.3092105263157894,Transfer exceedds reported CBP custody
2023-05-21,107,170,133,7826,343,3.0,False,False,7996,-210,-6.979990693345739,8692.57142857143,8822.07142857143,-9250,False,344.6408068036599,2.5789473684210527,None
2023-05-22,99,156,139,7848,240,1.0,False,False,8004,-101,0.10005002501249916,8538.285714285714,8752.357142857143,-9351,False,380.12046962583474,1.7266187050359711,None
2023-05-23,25,66,94,7788,246,1.0,True,False,7854,-152,-1.874062968515744,8417.42857142857,8666.42857142857,-9503,False,448.478857600089,2.617021276595745,Transfer exceedds reported CBP custody
2023-05-24,35,70,53,7709,276,1.0,False,False,7779,-223,-0.9549274255156615,8262.285714285714,8576.142857142857,-9726,False,455.62876492663236,5.2075471698113205,None
2023-05-25,43,73,64,7546,408,1.0,False,False,7619,-344,-2.056819642627583,8082.714285714285,8490.214285714286,-10070,False,419.72916437694727,6.375,None
2023-05-29,41,60,71,6996,207,4.0,True,False,7056,-136,-7.389421183882394,7843.428571428572,8360.142857142857,-10206,False,463.69884520841845,2.915492957746479,Transfer exceedds reported CBP custody
2023-05-30,65,83,65,7046,168,1.0,False,False,7129,-103,1.0345804988662222,7633.857142857143,8232.5,-10309,False,393.0018781004491,2.5846153846153848,None
2023-05-31,38,80,82,7053,210,1.0,True,False,7133,-128,0.05610885117126596,7510.571428571428,8101.571428571428,-10437,False,395.8151324136363,2.5609756097560976,Transfer exceedds reported CBP custody
2023-06-01,56,82,68,7002,287,1.0,False,False,7084,-219,-0.6869479882237517,7379.142857142857,7958.714285714285,-10656,False,355.339006476655,4.220588235294118,None
2023-06-04,74,103,80,6555,292,3.0,False,False,6658,-212,-6.013551665725581,7208.285714285715,7812.857142857143,-10868,False,375.90056942660607,3.65,None
2023-06-05,68,107,102,6523,189,1.0,False,False,6630,-87,-0.4205467107239458,7044.142857142857,7653.214285714285,-10955,False,333.6432368920731,1.8529411764705883,None
2023-06-06,92,124,93,6508,187,1.0,False,False,6632,-94,0.030165912518853588,6903.142857142857,7492.928571428572,-11049,False,247.7030672475045,2.010752688172043,None
2023-06-07,113,162,107,6483,208,1.0,False,False,6645,-101,0.19601930036188264,6844.428571428572,7343.928571428572,-11150,False,254.06092257756853,1.9439252336448598,None
2023-06-08,106,196,131,6446,255,1.0,False,False,6642,-124,-0.04514672686229959,6774.857142857143,7204.357142857143,-11274,False,228.54498358927762,1.9465648854961832,None
2023-06-11,86,152,168,6007,238,3.0,True,False,6159,-70,-7.271906052393861,6635.714285714285,7073.142857142857,-11344,False,267.35913068739586,1.4166666666666667,Transfer exceedds reported CBP custody
2023-06-12,84,118,136,6021,177,1.0,True,False,6139,-41,-0.32472804026627555,6500.714285714285,6939.928571428572,-11385,False,240.51175597446698,1.3014705882352942,Transfer exceedds reported CBP custody
2023-06-13,59,64,117,6061,146,1.0,True,False,6125,-29,-0.22805017103763037,6424.571428571428,6816.428571428572,-11414,False,265.4912786658663,1.2478632478632479,Transfer exceedds reported CBP custody
2023-06-14,62,97,52,6065,167,1.0,False,False,6162,-115,0.604081632653064,6357.714285714285,6700.928571428572,-11529,False,264.06041877177097,3.2115384615384617,None
2023-06-15,91,75,97,6038,272,1.0,True,False,6113,-175,-0.7951963648166194,6283.571428571428,6593.357142857143,-11704,False,246.4885779253027,2.804123711340206,Transfer exceedds reported CBP custody
2023-06-19,29,51,11,5679,142,4.0,False,False,5730,-131,-6.265336168820546,6152.857142857143,6498.642857142857,-11835,False,264.81026451120863,12.909090909090908,None
2023-06-20,33,53,34,5904,134,1.0,False,False,5957,-100,3.961605584642225,6055.0,6414.928571428572,-11935,False,159.5900999436398,3.9411764705882355,None
2023-06-21,93,196,169,5922,149,1.0,False,False,6118,20,2.7027027027026973,6049.142857142857,6342.428571428572,-11915,True,155.84546680552026,0.8816568047337278,None
2023-06-22,124,234,161,5956,207,1.0,False,False,6190,-46,1.1768551814318462,6056.428571428572,6278.571428571428,-11961,False,161.82383131347902,1.2857142857142858,None
2023-06-25,92,203,173,5766,263,3.0,False,False,5969,-90,-3.5702746365104954,6034.142857142857,6229.357142857143,-12051,False,161.54816471823708,1.5202312138728324,None
2023-06-26,186,259,172,5819,174,1.0,False,False,6078,-2,1.8261015245434775,6022.142857142857,6189.928571428572,-12053,False,153.3812554513451,1.0116279069767442,None
2023-06-27,154,225,220,5917,155,1.0,False,False,6142,65,1.0529779532741035,6026.285714285715,6154.928571428572,-11988,True,156.60216504014016,0.7045454545454546,None
2023-06-28,91,199,172,5999,174,1.0,False,False,6198,-2,0.9117551286226044,6093.142857142857,6123.0,-11990,False,97.9428890927256,1.0116279069767442,None
2023-06-29,81,213,153,6058,213,1.0,False,False,6271,-60,1.177799290093584,6138.0,6096.5,-12050,False,97.09960521728811,1.392156862745098,None
2023-07-02,209,285,184,5903,309,3.0,False,False,6188,-125,-1.3235528623823933,6148.0,6098.571428571428,-12175,False,98.2937773548581,1.6793478260869565,None
2023-07-04,184,314,217,6127,124,2.0,False,False,6441,93,4.088558500323214,6183.857142857143,6120.142857142857,-12082,True,148.91544420854677,0.5714285714285714,None
2023-07-05,107,215,230,6193,167,1.0,True,False,6408,63,-0.5123428039124356,6246.571428571428,6140.357142857143,-12019,True,135.15405671912887,0.7260869565217392,Transfer exceedds reported CBP custody
2023-07-06,101,162,178,6239,205,1.0,True,False,6401,-27,-0.10923845193507864,6292.714285714285,6157.428571428572,-12046,False,122.56116063115569,1.151685393258427,Transfer exceedds reported CBP custody
2023-07-09,99,190,176,6214,196,3.0,False,False,6404,-20,0.04686767692547722,6330.142857142857,6178.214285714285,-12066,False,108.00529087577229,1.1136363636363635,None
2023-07-10,167,239,166,6346,163,1.0,False,False,6585,3,2.826358525921302,6385.428571428572,6239.285714285715,-12063,True,126.54756305161429,0.9819277108433735,None
2023-07-11,115,216,169,6498,143,1.0,False,False,6714,26,1.9589977220956678,6448.714285714285,6293.357142857143,-12037,True,164.78037331122667,0.8461538461538461,None
2023-07-12,84,158,193,6521,210,1.0,True,False,6679,-17,-0.5212987786714307,6518.857142857143,6333.428571428572,-12054,False,137.55899167444917,1.0880829015544042,Transfer exceedds reported CBP custody
2023-07-13,130,227,192,6604,226,1.0,False,False,6831,-34,2.2757897888905587,6574.571428571428,6379.214285714285,-12088,False,174.7272704749701,1.1770833333333333,None
2023-07-16,88,214,160,6468,218,3.0,False,False,6682,-58,-2.1812326160152273,6613.714285714285,6430.142857142857,-12146,False,161.3729782065508,1.3625,None
2023-07-17,113,208,159,6632,160,1.0,False,False,6840,-1,2.3645615085303717,6676.428571428572,6484.571428571428,-12147,False,149.81862049702687,1.0062893081761006,None
2023-07-18,174,285,150,6874,181,1.0,False,False,7159,-31,4.66374269005847,6784.285714285715,6557.214285714285,-12178,False,187.9270375134548,1.2066666666666668,None
2023-07-19,104,230,206,7001,226,1.0,False,False,7231,-20,1.005727056851513,6876.571428571428,6631.0,-12198,False,228.0795600537166,1.0970873786407767,None
2023-07-20,147,276,214,7116,281,1.0,False,False,7392,-67,2.2265246853823806,6973.428571428572,6711.071428571428,-12265,False,284.5141221702292,1.3130841121495327,None
2023-07-23,108,220,213,7052,276,3.0,False,False,7272,-63,-1.6233766233766267,7058.142857142857,6788.5,-12328,False,270.1576259466915,1.295774647887324,None
2023-07-24,180,280,146,7220,187,1.0,False,False,7500,-41,3.1353135313531455,7153.714285714285,6864.142857142857,-12369,False,293.71682183453504,1.2808219178082192,None
2023-07-25,134,294,186,7510,136,1.0,False,False,7804,50,4.053333333333331,7314.0,6963.857142857143,-12319,True,299.48121810892684,0.7311827956989247,None
2023-07-26,202,313,158,7647,215,1.0,False,False,7960,-57,1.9989748846745314,7474.0,7075.214285714285,-12376,False,303.1979551382307,1.360759493670886,None
2023-07-27,110,272,193,7754,259,1.0,False,False,8026,-66,0.8291457286432102,7597.857142857143,7191.071428571428,-12442,False,329.0564432694577,1.3419689119170986,None
2023-07-30,166,277,229,7671,305,3.0,False,False,7948,-76,-0.9718415150759996,7700.285714285715,7288.428571428572,-12518,False,306.66035190186074,1.331877729257642,None
2023-07-31,136,276,178,7800,220,1.0,False,False,8076,-42,1.610468042274782,7798.0,7385.714285714285,-12560,False,300.9784045409244,1.2359550561797752,None
2023-08-01,87,246,173,8103,168,1.0,False,False,8349,5,3.3803863298662806,7951.857142857143,7505.0,-12555,True,259.72705453445,0.9710982658959537,None
2023-08-02,84,171,157,8261,271,1.0,False,False,8432,-114,0.9941310336567311,8085.0,7619.357142857143,-12669,False,226.20860578972207,1.7261146496815287,None
2023-08-03,167,209,157,8294,339,1.0,False,False,8503,-182,0.8420303605312984,8184.857142857143,7749.428571428572,-12851,False,235.57902323948866,2.159235668789809,None
2023-08-06,109,245,159,8298,322,3.0,False,False,8543,-163,0.4704222039280337,8268.142857142857,7871.071428571428,-13014,False,245.67419384991146,2.0251572327044025,None
2023-08-07,156,256,176,8493,202,1.0,False,False,8749,-26,2.4113309141987616,8371.42857142857,7984.642857142857,-13040,False,276.90242393476007,1.1477272727272727,None
2023-08-08,125,232,192,8725,207,1.0,False,False,8957,-15,2.3774145616641817,8515.57142857143,8107.928571428572,-13055,False,282.3153420927457,1.078125,None
2023-08-09,118,139,168,8888,251,1.0,True,False,9027,-83,0.7815116668527411,8651.42857142857,8224.714285714286,-13138,False,263.7384165815486,1.494047619047619,Transfer exceedds reported CBP custody
2023-08-10,142,235,139,8914,353,1.0,False,False,9149,-214,1.3515010523983628,8765.714285714286,8358.785714285714,-13352,False,283.4411839551434,2.539568345323741,None
2023-08-16,148,245,175,9634,288,6.0,False,False,9879,-113,7.979014099901627,8972.42857142857,8528.714285714286,-13465,False,467.432297109366,1.6457142857142857,None
2023-08-17,119,219,210,9694,407,1.0,False,False,9913,-197,0.34416438910820357,9173.857142857143,8679.357142857143,-13662,False,530.9197769190688,1.938095238095238,None
2023-08-20,105,210,149,9483,390,3.0,False,False,9693,-241,-2.219307979420959,9338.142857142857,8803.142857142857,-13903,False,478.5141685716239,2.61744966442953,None
2023-08-21,143,203,163,9668,281,1.0,False,False,9871,-118,1.8363767667388897,9498.42857142857,8934.92857142857,-14021,False,434.13932369797374,1.7239263803680982,None
2023-08-22,119,209,152,9921,230,1.0,False,False,10130,-78,2.623847634484844,9666.0,9090.785714285714,-14099,False,416.3408059110317,1.513157894736842,None
2023-08-23,155,212,181,10071,285,1.0,False,False,10283,-104,1.5103652517275412,9845.42857142857,9248.42857142857,-14203,False,362.1794477616482,1.574585635359116,None
2023-08-24,109,214,173,10026,443,1.0,False,False,10240,-270,-0.41816590489156535,10001.285714285714,9383.5,-14473,False,218.96629442728775,2.560693641618497,None
2023-08-27,191,283,192,9873,488,3.0,False,False,10156,-296,-0.8203124999999978,10040.857142857143,9506.642857142857,-14769,False,218.21199827336642,2.5416666666666665,None
2023-08-28,170,297,196,10012,388,1.0,False,False,10309,-192,1.5064986215045373,10097.42857142857,9635.642857142857,-14961,False,230.524660389292,1.9795918367346939,None
2023-08-29,152,272,214,10180,286,1.0,False,False,10452,-72,1.387137452711218,10205.857142857143,9772.0,-15033,False,181.98482406633636,1.3364485981308412,None
2023-08-30,239,367,224,10280,366,1.0,False,False,10647,-142,1.8656716417910557,10316.714285714286,9907.57142857143,-15175,False,180.3530928351857,1.6339285714285714,None
2023-08-31,113,280,237,10140,505,1.0,False,False,10420,-268,-2.1320559782098236,10358.142857142857,10012.07142857143,-15443,False,162.76509512317182,2.130801687763713,None
2023-09-04,196,306,187,9988,293,4.0,False,False,10294,-106,-1.2092130518234212,10359.714285714286,10102.57142857143,-15549,False,161.9698678619485,1.5668449197860963,None
2023-09-05,236,330,222,10142,243,1.0,False,False,10472,-21,1.7291626190013565,10392.857142857143,10197.07142857143,-15570,False,157.05246317856745,1.0945945945945945,None
2023-09-06,81,230,242,10356,291,1.0,True,False,10586,-49,1.0886172650878434,10454.285714285714,10247.57142857143,-15619,False,130.88253548589802,1.2024793388429753,Transfer exceedds reported CBP custody
2023-09-07,118,245,160,10419,398,1.0,False,False,10664,-238,0.7368222180238027,10505.0,10301.214285714286,-15857,False,133.94650673550967,2.4875,None
2023-09-10,218,283,208,10282,382,3.0,False,False,10565,-174,-0.9283570892723136,10521.142857142857,10363.5,-16031,False,133.30219874576508,1.8365384615384615,None
2023-09-11,132,243,183,10492,277,1.0,False,False,10735,-94,1.6090866067203002,10533.714285714286,10425.214285714286,-16125,False,150.2250692412912,1.5136612021857923,None
2023-09-12,224,315,152,10649,316,1.0,False,False,10964,-164,2.133209129017244,10611.42857142857,10484.785714285714,-16289,False,210.29491762981837,2.0789473684210527,None
2023-09-13,167,326,213,10678,343,1.0,False,False,11004,-130,0.36483035388543694,10712.857142857143,10536.285714285714,-16419,False,202.7645831758016,1.6103286384976525,None
2023-09-14,209,353,232,10837,414,1.0,False,False,11190,-182,1.6902944383860419,10815.42857142857,10604.142857142857,-16601,False,238.9866503543663,1.7844827586206897,None
2023-09-17,153,253,286,10799,427,3.0,True,False,11052,-141,-1.2332439678284235,10882.0,10668.142857142857,-16742,False,229.12660255845768,1.493006993006993,Transfer exceedds reported CBP custody
2023-09-18,180,337,219,10892,313,1.0,False,False,11229,-94,1.601520086862096,10962.714285714286,10733.857142857143,-16836,False,238.8428453227905,1.4292237442922375,None
2023-09-19,133,287,189,11095,260,1.0,False,False,11382,-71,1.362543414373496,11079.42857142857,10800.285714285714,-16907,False,209.9776632111165,1.3756613756613756,None
2023-09-20,187,310,247,11064,364,1.0,False,False,11374,-117,-0.07028641714988959,11170.714285714286,10852.214285714286,-17024,False,170.46672626024997,1.4736842105263157,None
2023-09-21,168,285,210,11067,428,1.0,False,False,11352,-218,-0.19342359767892114,11226.142857142857,10918.785714285714,-17242,False,154.37014885373833,2.038095238095238,None
2023-09-24,269,412,204,10744,403,3.0,False,False,11156,-199,-1.7265680056377741,11247.857142857143,10980.357142857143,-17441,False,125.99792137356386,1.9754901960784315,None
2023-09-25,100,255,236,10842,284,1.0,False,False,11097,-48,-0.5288633918967389,11234.57142857143,11025.0,-17489,False,137.4940691360962,1.2033898305084745,None
2023-09-26,205,294,177,10978,332,1.0,False,False,11272,-155,1.5770027935477993,11266.0,11074.0,-17644,False,111.4914047508416,1.8757062146892656,None
2023-09-27,161,304,211,11017,331,1.0,False,False,11321,-120,0.434705464868701,11279.142857142857,11120.92857142857,-17764,False,111.82490565071912,1.5687203791469195,None
2023-09-28,57,162,193,10984,447,1.0,True,False,11146,-254,-1.545799841003448,11245.42857142857,11162.42857142857,-18018,False,111.22028763195576,2.316062176165803,Transfer exceedds reported CBP custody
2023-10-01,80,122,152,10598,493,3.0,True,False,10720,-341,-3.8219989233805873,11152.0,11161.357142857143,-18359,False,213.17520180980068,3.2434210526315788,Transfer exceedds reported CBP custody
2023-10-02,107,170,133,10724,284,1.0,False,False,10894,-151,1.6231343283582111,11086.57142857143,11156.357142857143,-18510,False,211.84102305172513,2.1353383458646618,None
2023-10-03,99,156,139,10818,287,1.0,False,False,10974,-148,0.7343491830365423,11060.57142857143,11154.214285714286,-18658,False,213.06482358099723,2.064748201438849,None
2023-10-04,25,66,94,10963,330,1.0,True,False,11029,-236,0.5011846181884438,11050.857142857143,11142.714285714286,-18894,False,212.6769291447913,3.5106382978723403,Transfer exceedds reported CBP custody
2023-10-05,35,70,53,11130,427,1.0,False,False,11200,-374,1.5504578837610028,11040.57142857143,11153.285714285714,-19268,False,201.65470251794622,8.056603773584905,None
2023-10-09,43,73,64,10815,282,4.0,False,False,10888,-218,-2.7857142857142803,10978.714285714286,11128.92857142857,-19486,False,164.23632798060729,4.40625,None
2023-10-10,41,60,71,10910,257,1.0,True,False,10970,-186,0.7531227038942045,10953.57142857143,11099.5,-19672,False,146.9170481857063,3.619718309859155,Transfer exceedds reported CBP custody
2023-10-11,65,83,65,10960,266,1.0,False,False,11043,-201,0.6654512306289773,10999.714285714286,11075.857142857143,-19873,False,106.49368414083067,4.092307692307692,None
2023-10-12,38,80,82,10992,398,1.0,True,False,11072,-316,0.2626097980621189,11025.142857142857,11055.857142857143,-20189,False,97.95309859209064,4.853658536585366,Transfer exceedds reported CBP custody
2023-10-15,56,82,68,10571,434,3.0,False,False,10653,-366,-3.7843208092485536,10979.285714285714,11019.92857142857,-20555,False,172.58979719328818,6.382352941176471,None
2023-10-16,74,103,80,10629,331,1.0,False,False,10732,-251,0.7415751431521622,10936.857142857143,10993.857142857143,-20806,False,193.56345089864402,4.1375,None
2023-10-17,68,107,102,10630,315,1.0,False,False,10737,-213,0.04658963846440045,10870.714285714286,10955.642857142857,-21019,False,165.76862819973016,3.088235294117647,None
2023-10-18,92,124,93,10511,393,1.0,False,False,10635,-300,-0.9499860296172113,10834.57142857143,10906.642857142857,-21319,False,187.52498246260785,4.225806451612903,None
2023-10-19,113,162,107,10319,406,1.0,False,False,10481,-299,-1.4480488951574944,10764.714285714286,10859.142857142857,-21618,False,217.37273233293806,3.794392523364486,None
2023-10-22,106,196,131,9506,454,3.0,False,False,9702,-323,-7.432496899150842,10573.142857142857,10786.42857142857,-21941,False,423.9746173893653,3.4656488549618323,None
2023-10-23,86,152,168,9436,327,1.0,True,False,9588,-159,-1.1750154607297447,10361.142857142857,10693.142857142857,-22100,False,497.5886616377614,1.9464285714285714,Transfer exceedds reported CBP custody
2023-10-24,84,118,136,9396,300,1.0,True,False,9514,-164,-0.7717980809345049,10198.42857142857,10588.857142857143,-22264,False,567.5540670699147,2.2058823529411766,Transfer exceedds reported CBP custody
2023-10-25,59,64,117,9351,293,1.0,True,False,9415,-176,-1.0405717889426125,10010.285714285714,10473.57142857143,-22440,False,579.3650876277296,2.5042735042735043,Transfer exceedds reported CBP custody
2023-10-26,62,97,52,9235,390,1.0,False,False,9332,-338,-0.8815719596388716,9809.57142857143,10340.142857142857,-22778,False,526.6146146670582,7.5,None
2023-10-29,91,75,97,8925,418,3.0,True,False,9000,-321,-3.557651093013292,9576.0,10205.285714285714,-23099,False,457.5518185589996,4.309278350515464,Transfer exceedds reported CBP custody
2023-10-30,29,51,11,9026,278,1.0,False,False,9077,-267,0.855555555555565,9375.42857142857,10070.07142857143,-23366,False,259.64582103498697,25.272727272727273,None
2023-10-31,33,53,34,9072,295,1.0,False,False,9125,-261,0.5288090778891696,9293.0,9933.07142857143,-23627,False,228.40023350830046,8.676470588235293,None
2023-11-01,132,235,197,9250,279,1.0,False,False,9485,-82,3.945205479452052,9278.285714285714,9819.714285714286,-23709,False,208.69572291229198,1.416243654822335,None
2023-11-02,174,208,256,9442,330,1.0,True,False,9650,-74,1.7395888244596813,9297.714285714286,9748.07142857143,-23783,False,238.49927622926745,1.2890625,Transfer exceedds reported CBP custody
2023-11-05,123,230,167,9273,370,3.0,False,False,9503,-203,-1.523316062176161,9310.285714285714,9660.285714285714,-23986,False,247.84787961278036,2.215568862275449,None
2023-11-06,123,233,159,9286,316,1.0,False,False,9519,-157,0.1683678838261704,9337.0,9573.285714285714,-24143,False,260.34144246862974,1.9874213836477987,None
2023-11-07,141,232,188,9483,231,1.0,False,False,9715,-43,2.0590398151066225,9439.142857142857,9507.57142857143,-24186,False,245.95014980775608,1.2287234042553192,None
2023-11-08,158,226,191,9634,310,1.0,False,False,9860,-119,1.4925373134328401,9551.0,9463.214285714286,-24305,False,231.4224132043315,1.6230366492146597,None
2023-11-12,96,160,233,9477,313,4.0,True,False,9637,-80,-2.2616632860040564,9624.142857142857,9458.57142857143,-24385,False,135.28294863160025,1.3433476394849786,Transfer exceedds reported CBP custody
2023-11-13,141,173,129,9510,287,1.0,False,False,9683,-158,0.4773269689737569,9652.42857142857,9465.357142857143,-24543,False,121.3203158898106,2.2248062015503876,None
2023-11-14,116,181,182,9665,247,1.0,True,False,9846,-65,1.6833625942373143,9680.42857142857,9489.07142857143,-24608,False,141.5907920061794,1.3571428571428572,Transfer exceedds reported CBP custody
2023-11-15,150,157,201,9762,316,1.0,True,False,9919,-115,0.7414178346536682,9739.857142857143,9525.07142857143,-24723,False,142.00989234484754,1.572139303482587,Transfer exceedds reported CBP custody
2023-11-16,80,176,125,9762,374,1.0,False,False,9938,-249,0.191551567698367,9799.714285714286,9568.357142857143,-24972,False,120.00238092870512,2.992,None
2023-11-19,116,188,164,9573,435,3.0,False,False,9761,-271,-1.7810424632722865,9806.285714285714,9622.714285714286,-25243,False,115.77523380192969,2.652439024390244,None
2023-11-20,105,185,158,9638,298,1.0,False,False,9823,-140,0.635180821637138,9801.0,9676.0,-25383,False,113.74093370456664,1.8860759493670887,None
2023-11-21,136,246,123,9804,250,1.0,False,False,10050,-127,2.310902982795482,9860.0,9742.07142857143,-25510,False,121.35347818111475,2.032520325203252,None
2023-11-23,128,228,177,9838,283,2.0,False,False,10066,-106,0.1592039800994982,9914.714285714286,9783.57142857143,-25616,False,114.39072556473589,1.5988700564971752,None
2023-11-26,90,196,205,9845,312,3.0,True,False,10041,-107,-0.24836081859725967,9942.57142857143,9811.5,-25723,False,118.53671321975126,1.5219512195121951,Transfer exceedds reported CBP custody
2023-11-27,56,82,68,10123,214,1.0,False,False,10205,-146,1.6333034558311033,9983.42857142857,9861.642857142857,-25869,False,153.2610595713807,3.1470588235294117,None
2023-11-28,74,103,80,10223,223,1.0,False,False,10326,-143,1.185693287604117,10038.857142857143,9919.285714285714,-26012,False,197.78728352399307,2.7875,None
2023-11-29,68,107,102,10398,284,1.0,False,False,10505,-182,1.73348828200659,10145.142857142857,9975.714285714286,-26194,False,222.00857984276684,2.784313725490196,None
2023-11-30,92,124,93,10536,320,1.0,False,False,10660,-227,1.47548786292242,10264.714285714286,10032.857142857143,-26421,False,243.9082575380193,3.4408602150537635,None
2023-12-03,132,235,197,10579,417,3.0,False,False,10814,-220,1.4446529080675452,10373.857142857143,10116.92857142857,-26641,False,296.97779298089927,2.116751269035533,None
2023-12-04,174,208,256,10635,273,1.0,True,False,10843,-17,0.2681708895875712,10484.857142857143,10199.785714285714,-26658,False,307.74633957824364,1.06640625,Transfer exceedds reported CBP custody
2023-12-05,123,230,167,10761,261,1.0,False,False,10991,-94,1.364935903347786,10620.57142857143,10281.57142857143,-26752,False,288.2388229361538,1.562874251497006,None
2023-12-06,123,233,159,10832,376,1.0,False,False,11065,-217,0.6732781366572738,10743.42857142857,10363.42857142857,-26969,False,263.8338221576001,2.3647798742138364,None
2023-12-07,141,232,188,10897,466,1.0,False,False,11129,-278,0.5784003615002309,10858.142857142857,10448.5,-27247,False,223.58922795418246,2.478723404255319,None
2023-12-10,158,226,191,10871,411,3.0,False,False,11097,-220,-0.2875370653248277,10942.714285714286,10543.92857142857,-27467,False,174.27441415359138,2.1518324607329844,None
2023-12-11,96,160,233,10998,304,1.0,True,False,11158,-71,0.5496981166080994,11013.857142857143,10639.285714285714,-27538,False,137.36863855025416,1.3047210300429184,Transfer exceedds reported CBP custody
2023-12-12,141,173,129,11077,259,1.0,False,False,11250,-130,0.8245205233912811,11076.142857142857,10725.0,-27668,False,130.31043520692515,2.007751937984496,None
2023-12-13,116,181,182,11192,335,1.0,True,False,11373,-153,1.093333333333324,11151.857142857143,10818.357142857143,-27821,False,126.17769027771736,1.8406593406593406,Transfer exceedds reported CBP custody
2023-12-14,150,157,201,11242,396,1.0,True,False,11399,-195,0.2286116240218128,11210.142857142857,10915.357142857143,-28016,False,133.5095858873831,1.9701492537313432,Transfer exceedds reported CBP custody
2023-12-17,80,176,125,11092,456,3.0,False,False,11268,-331,-1.149223616106676,11239.142857142857,10991.285714285714,-28347,False,117.85786435570472,3.648,None
2023-12-18,116,188,164,11149,364,1.0,False,False,11337,-200,0.6123535676251235,11268.857142857143,11063.5,-28547,False,111.50998247012784,2.2195121951219514,None
2023-12-19,105,185,158,11291,272,1.0,False,False,11476,-114,1.2260739172620605,11323.0,11132.857142857143,-28661,False,106.03458555276269,1.7215189873417722,None
2023-12-20,136,246,123,11516,390,1.0,False,False,11762,-267,2.492157546183349,11409.285714285714,11211.57142857143,-28928,False,173.60848124996312,3.1707317073170733,None
2023-12-21,128,228,177,11375,497,1.0,False,False,11603,-320,-1.3518109165107983,11459.714285714286,11267.92857142857,-29248,False,170.87589481429532,2.8079096045197742,None
2023-12-25,90,196,205,11144,347,4.0,True,False,11340,-142,-2.266655175385679,11455.0,11303.42857142857,-29390,False,174.0919297383271,1.6926829268292682,Transfer exceedds reported CBP custody
2023-12-26,56,82,68,11217,288,1.0,False,False,11299,-220,-0.36155202821869237,11440.714285714286,11325.42857142857,-29610,False,183.3118602143695,4.235294117647059,None
2023-12-27,74,103,80,11206,335,1.0,False,False,11309,-255,0.08850340738117968,11446.57142857143,11342.857142857143,-29865,False,177.43436076748748,4.1875,None
2023-12-28,68,107,102,11230,357,1.0,False,False,11337,-255,0.2475904147139385,11446.57142857143,11357.714285714286,-30120,False,177.43436076748748,3.5,None
2024-01-01,92,124,93,10870,290,4.0,False,False,10994,-197,-3.0254917526682523,11377.714285714286,11350.357142857143,-30317,False,244.8344435775295,3.118279569892473,None
2024-01-02,113,162,107,10770,316,1.0,False,False,10932,-209,-0.5639439694378745,11259.142857142857,11334.214285714286,-30526,False,228.12089526642472,2.953271028037383,None
2024-01-03,106,196,131,10718,263,1.0,False,False,10914,-132,-0.16465422612513825,11160.714285714286,11310.214285714286,-30658,False,202.19768733077967,2.0076335877862594,None
2024-01-04,86,152,168,10558,362,1.0,True,False,10710,-194,-1.869158878504673,11070.714285714286,11262.857142857143,-30852,False,244.81402076252658,2.1547619047619047,Transfer exceedds reported CBP custody
2024-01-07,84,118,136,9670,367,3.0,True,False,9788,-231,-8.608776844070965,10854.857142857143,11147.785714285714,-31083,False,520.6862230337483,2.698529411764706,Transfer exceedds reported CBP custody
2024-01-08,59,64,117,9670,367,1.0,True,False,9734,-250,-0.5516959542296695,10629.857142857143,11038.214285714286,-31333,False,622.1447925179054,3.1367521367521367,Transfer exceedds reported CBP custody
2024-01-09,62,97,52,9311,286,1.0,False,False,9408,-234,-3.3490856790630796,10354.285714285714,10900.42857142857,-31567,False,681.1377037197201,5.5,None
2024-01-10,91,75,97,9144,349,1.0,True,False,9219,-252,-2.00892857142857,10100.714285714286,10739.214285714286,-31819,False,731.8061478938515,3.597938144329897,Transfer exceedds reported CBP custody
2024-01-11,29,51,11,8829,476,1.0,False,False,8880,-465,-3.6771884152294154,9807.57142857143,10533.357142857143,-32284,False,753.9694638252598,43.27272727272727,None
2024-01-15,33,53,34,8033,234,4.0,False,False,8086,-200,-8.941441441441444,9403.57142857143,10282.142857142857,-32484,False,817.3057072158582,6.882352941176471,None
2024-01-16,32,49,39,8133,188,1.0,False,False,8182,-149,1.187237200098945,9042.42857142857,10056.57142857143,-32633,False,692.873691505851,4.82051282051282,None
2024-01-17,80,176,125,8072,353,1.0,False,False,8248,-228,0.8066487411390932,8822.42857142857,9838.642857142857,-32861,False,660.4144802427315,2.824,None
2024-01-18,116,188,164,8042,359,1.0,False,False,8230,-195,-0.21823472356935492,8607.57142857143,9618.714285714286,-33056,False,549.8102270004404,2.1890243902439024,None
2024-01-21,105,185,158,7974,371,3.0,False,False,8159,-213,-0.8626974483596617,8429.142857142857,9391.714285714286,-33269,False,438.06788993313035,2.348101265822785,None
2024-01-22,136,246,123,8008,222,1.0,False,False,8254,-99,1.164358377252106,8291.285714285714,9196.0,-33368,False,266.2046294899718,1.8048780487804879,None
2024-01-23,128,228,177,8133,202,1.0,False,False,8361,-25,1.296341167918591,8217.142857142857,9012.357142857143,-33393,False,86.58796793125593,1.1412429378531073,None
2024-01-24,90,196,205,8212,243,1.0,True,False,8408,-38,0.5621337160626627,8263.142857142857,8833.357142857143,-33431,False,90.73850445353617,1.1853658536585365,Transfer exceedds reported CBP custody
2024-01-25,102,189,155,8180,293,1.0,False,False,8369,-138,-0.4638439581351128,8289.857142857143,8666.142857142857,-33569,False,90.39437403473288,1.8903225806451613,None
2024-01-28,120,257,126,8004,307,3.0,False,False,8261,-181,-1.2904767594694722,8291.714285714286,8557.07142857143,-33750,False,89.52041533579423,2.4365079365079363,None
2024-01-29,137,272,166,8057,195,1.0,False,False,8329,-29,0.8231448977121358,8305.857142857143,8456.714285714286,-33779,False,85.89223591492177,1.1746987951807228,None
2024-01-30,93,198,208,8182,187,1.0,True,False,8380,21,0.6123184055708997,8337.42857142857,8383.285714285714,-33758,True,59.466677343485316,0.8990384615384616,Transfer exceedds reported CBP custody
2024-01-31,203,477,258,8153,266,1.0,False,False,8630,-8,2.9832935560859086,8391.142857142857,8341.214285714286,-33766,False,115.22359216091449,1.0310077519379846,None
2024-02-01,222,459,289,8026,337,1.0,False,False,8485,-48,-1.6801853997682525,8408.857142857143,8313.0,-33814,False,119.27758740489108,1.166089965397924,None
2024-02-04,253,531,248,7813,342,3.0,False,False,8344,-94,-1.6617560400707165,8399.714285714286,8331.42857142857,-33908,False,121.78083358459986,1.3790322580645162,None
2024-02-05,157,466,345,7872,242,1.0,False,False,8338,103,-0.07190795781399917,8395.285714285714,8342.57142857143,-33805,True,123.63348290502329,0.7014492753623188,None
2024-02-06,291,455,323,8045,178,1.0,False,False,8500,145,1.9429119692971897,8429.42857142857,8360.57142857143,-33660,True,112.90387820741242,0.5510835913312694,None
2024-02-07,227,453,330,8160,222,1.0,False,False,8613,108,1.32941176470589,8470.0,8387.92857142857,-33552,True,121.50034293499634,0.6727272727272727,None
2024-02-08,298,499,358,8188,315,1.0,False,False,8687,43,0.8591663764077495,8513.857142857143,8425.642857142857,-33509,True,137.90023999422334,0.8798882681564246,None
2024-02-11,205,515,226,8056,347,3.0,False,False,8571,-121,-1.3353286520087493,8505.42857142857,8448.285714285714,-33630,False,131.2616434744259,1.5353982300884956,None
2024-02-12,213,430,440,8092,234,1.0,True,False,8522,206,-0.5716952514292384,8510.714285714286,8459.785714285714,-33424,True,131.0467019624162,0.5318181818181819,Transfer exceedds reported CBP custody
2024-02-13,227,369,349,8348,160,1.0,False,False,8717,189,2.2881952593287957,8564.0,8481.857142857143,-33235,True,127.75236462255754,0.4584527220630373,None
2024-02-14,185,322,272,8512,230,1.0,False,False,8834,42,1.3422048870024073,8634.857142857143,8515.07142857143,-33193,True,118.74542597702215,0.8455882352941176,None
2024-02-15,333,508,272,8463,312,1.0,False,False,8971,-40,1.5508263527280963,8702.142857142857,8565.785714285714,-33233,False,156.90594695697297,1.1470588235294117,None
2024-02-19,249,420,371,8380,218,4.0,False,False,8800,153,-1.9061420131535,8728.857142857143,8599.42857142857,-33080,True,155.10795012011604,0.5876010781671159,None
2024-02-20,149,395,273,8488,192,1.0,False,False,8883,81,0.9431818181818263,8756.857142857143,8635.357142857143,-32999,True,163.74312053884194,0.7032967032967034,None
2024-02-21,232,430,318,8573,231,1.0,False,False,9003,87,1.3508949679162496,8818.57142857143,8662.0,-32912,True,163.42873792861678,0.7264150943396226,None
2024-02-22,165,400,292,8607,293,1.0,False,False,9007,-1,0.04442963456625648,8887.857142857143,8699.285714285714,-32913,False,111.20615776024992,1.0034246575342465,None
2024-02-25,244,482,366,8404,329,3.0,False,False,8886,37,-1.3433995781059194,8912.0,8738.0,-32876,True,82.59539938754487,0.8989071038251366,None
2024-02-26,199,438,326,8404,329,1.0,False,False,8842,-3,-0.4951609273013746,8913.142857142857,8774.0,-32879,False,81.38269384292278,1.00920245398773,None
2024-02-27,197,369,306,8650,206,1.0,False,False,9019,100,2.0018095453517404,8920.0,8811.07142857143,-32779,True,88.75809822201037,0.673202614379085,None
2024-02-28,209,447,274,8699,257,1.0,False,False,9146,17,1.4081383745426335,8969.42857142857,8849.142857142857,-32762,True,105.54755191037727,0.9379562043795621,None
2024-02-29,262,444,354,8724,299,1.0,False,False,9168,55,0.2405423135797058,9010.142857142857,8883.5,-32707,True,120.55348546239132,0.844632768361582,None
2024-03-03,236,468,347,8594,354,3.0,False,False,9062,-7,-1.1561954624781823,9018.57142857143,8918.57142857143,-32714,False,122.02439256534137,1.0201729106628241,None
2024-03-04,225,509,340,8660,229,1.0,False,False,9169,111,1.1807548002648494,9041.714285714286,8964.785714285714,-32603,True,134.2171304089993,0.6735294117647059,None
2024-03-05,246,472,345,8800,214,1.0,False,False,9272,131,1.12335041989311,9096.857142857143,9004.42857142857,-32472,True,138.79532721648562,0.6202898550724638,None
2024-03-06,230,457,277,8870,232,1.0,False,False,9327,45,0.5931837791199213,9166.142857142857,9039.642857142857,-32427,True,108.00837710010346,0.8375451263537906,None
2024-03-07,181,424,328,8902,305,1.0,False,False,9326,23,-0.010721561059290341,9210.0,9065.0,-32404,True,100.36101500743203,0.9298780487804879,None
2024-03-10,190,368,326,8714,373,3.0,False,False,9082,-47,-2.6163414111087246,9200.857142857143,9085.142857142857,-32451,False,109.64857283064921,1.1441717791411044,None
2024-03-11,178,336,290,8757,253,1.0,False,False,9093,37,0.12111869632238648,9190.142857142857,9100.142857142857,-32414,True,116.8238397066206,0.8724137931034482,None
2024-03-12,154,294,290,8843,213,1.0,False,False,9137,77,0.4838887055977015,9200.857142857143,9109.714285714286,-32337,True,106.05569067144957,0.7344827586206897,None
2024-03-13,165,358,167,8819,239,1.0,False,False,9177,-72,0.43778045310276514,9202.0,9121.857142857143,-32409,False,105.69768209373693,1.4311377245508983,None
2024-03-14,166,301,252,8695,310,1.0,False,False,8996,-58,-1.9723221096218824,9162.57142857143,9129.714285714286,-32467,False,124.95713550763955,1.2301587301587302,None
2024-03-17,127,260,259,8373,342,3.0,False,False,8633,-83,-4.035126722987991,9063.42857142857,9114.785714285714,-32550,False,215.36392234450167,1.3204633204633205,None
2024-03-18,123,243,188,8333,283,1.0,False,False,8576,-95,-0.6602571527858259,8956.285714285714,9083.142857142857,-32645,False,247.17585796734875,1.5053191489361701,None
2024-03-19,99,202,256,8390,197,1.0,True,False,8592,59,0.1865671641791078,8886.285714285714,9043.57142857143,-32586,True,273.61025461148597,0.76953125,Transfer exceedds reported CBP custody
2024-03-20,91,181,174,8365,227,1.0,False,False,8546,-53,-0.5353817504655467,8808.142857142857,8999.142857142857,-32639,False,282.69384415618407,1.3045977011494252,None
2024-03-21,132,261,141,8292,235,1.0,False,False,8553,-94,0.08190966534051825,8724.714285714286,8962.785714285714,-32733,False,254.20576592312676,1.6666666666666667,None
2024-03-24,124,264,221,7899,373,3.0,False,False,8163,-152,-4.559803577692034,8579.857142857143,8890.92857142857,-32885,False,242.14281500208972,1.6877828054298643,None
2024-03-25,128,242,224,7899,229,1.0,False,False,8141,-5,-0.26950875903466454,8457.714285714286,8810.142857142857,-32890,False,210.86624060898347,1.0223214285714286,None
2024-03-26,187,276,200,7919,208,1.0,False,False,8195,-8,0.6633091757769272,8395.142857142857,8729.285714285714,-32898,False,215.1258767725017,1.04,None
2024-03-27,129,287,185,7893,215,1.0,False,False,8180,-30,-0.18303843807199183,8338.57142857143,8647.42857142857,-32928,False,211.67967714043985,1.162162162162162,None
2024-03-28,161,288,248,7762,360,1.0,False,False,8050,-112,-1.58924205378973,8261.142857142857,8573.714285714286,-33040,False,202.45610929401886,1.4516129032258065,None
2024-03-31,105,254,151,7257,287,3.0,False,False,7511,-136,-6.695652173913047,8113.285714285715,8460.714285714286,-33176,False,309.4267356934444,1.900662251655629,None
2024-04-01,109,235,171,7271,172,1.0,False,False,7506,-1,-0.06656903208627218,7963.714285714285,8344.214285714286,-33177,False,314.4612929470036,1.0058479532163742,None
2024-04-02,101,230,175,7340,132,1.0,False,False,7570,43,0.8526512123634422,7879.0,8229.42857142857,-33134,True,331.25418236352897,0.7542857142857143,None
2024-04-03,124,230,190,7346,163,1.0,False,False,7576,27,0.07926023778070945,7798.285714285715,8128.0,-33107,True,325.5603959767966,0.8578947368421053,None
2024-04-04,95,226,152,7317,225,1.0,False,False,7543,-73,-0.4355860612460405,7705.142857142857,8050.142857142857,-33180,False,283.7242960877229,1.480263157894737,None
2024-04-07,106,239,233,6982,279,3.0,False,False,7221,-46,-4.268858544345755,7568.142857142857,7953.357142857143,-33226,False,245.12542950594627,1.1974248927038627,None
2024-04-08,102,230,167,6988,199,1.0,False,False,7218,-32,-0.041545492314087884,7449.285714285715,7855.214285714285,-33258,False,159.18722131053894,1.1916167664670658,None
2024-04-09,118,231,217,7043,130,1.0,False,False,7274,87,0.775838182321964,7415.428571428572,7764.357142857143,-33171,True,168.7876942027616,0.5990783410138248,None
2024-04-10,117,244,142,6999,227,1.0,False,False,7243,-85,-0.42617541930162206,7377.857142857143,7670.785714285715,-33256,False,174.44333231876652,1.5985915492957747,None
2024-04-11,183,221,220,6912,285,1.0,False,False,7133,-65,-1.518707717796497,7315.428571428572,7597.214285714285,-33321,False,172.4034581467324,1.2954545454545454,None
2024-04-14,128,245,243,6630,290,3.0,False,False,6875,-47,-3.6169914481985144,7215.285714285715,7506.785714285715,-33368,False,197.57590464233786,1.1934156378600822,None
2024-04-15,144,303,176,6681,191,1.0,False,False,6984,-15,1.5854545454545566,7135.428571428572,7420.285714285715,-33383,False,150.37381990987,1.0852272727272727,None
2024-04-16,219,392,205,6685,163,1.0,False,False,7077,42,1.3316151202749094,7114.857142857143,7341.5,-33341,True,146.5166982194972,0.7951219512195122,None
2024-04-17,182,371,274,6725,227,1.0,False,False,7096,47,0.2684753426593245,7097.428571428572,7273.357142857143,-33294,True,139.28012198785862,0.8284671532846716,None
2024-04-18,144,322,258,6728,260,1.0,False,False,7050,-2,-0.6482525366403591,7065.428571428572,7240.428571428572,-33296,False,115.6847110942187,1.0077519379844961,None
2024-04-21,208,380,343,6745,240,3.0,False,False,7125,103,1.0638297872340496,7048.571428571428,7213.214285714285,-33193,True,91.58394535954186,0.6997084548104956,None
2024-04-22,176,424,251,6799,214,1.0,False,False,7223,37,1.3754385964912297,7061.428571428572,7188.428571428572,-33156,True,109.8982213123556,0.852589641434263,None
2024-04-23,252,427,307,6967,134,1.0,False,False,7394,173,2.367437352900459,7135.571428571428,7175.428571428572,-32983,True,135.29825958828593,0.4364820846905538,None
2024-04-24,253,411,307,7128,154,1.0,False,False,7539,153,1.9610494995942584,7214.857142857143,7175.142857142857,-32830,True,185.11746592495257,0.501628664495114,None
2024-04-25,145,357,333,7209,217,1.0,False,False,7566,116,0.35813768404298063,7284.714285714285,7199.785714285715,-32714,True,214.3779484039909,0.6516516516516516,None
2024-04-28,158,349,365,7298,250,3.0,True,False,7647,115,1.0705789056304482,7363.428571428572,7230.428571428572,-32599,True,233.8139268327516,0.684931506849315,Transfer exceedds reported CBP custody
2024-04-29,140,292,255,7373,187,1.0,False,False,7665,68,0.23538642604943316,7451.285714285715,7258.357142857143,-32531,True,210.827507918764,0.7333333333333333,None
2024-04-30,220,443,194,7431,135,1.0,False,False,7874,59,2.726679712981084,7558.285714285715,7303.428571428572,-32472,True,207.67419538442718,0.6958762886597938,None
2024-05-01,197,437,295,7508,190,1.0,False,False,7945,105,0.9017018034036095,7661.428571428572,7361.428571428572,-32367,True,192.1083523629731,0.6440677966101694,None
2024-05-02,206,411,293,7577,194,1.0,False,False,7988,99,0.5412208936437901,7746.285714285715,7440.928571428572,-32268,True,185.36424887745034,0.6621160409556314,None
2024-05-05,150,315,228,7447,332,3.0,False,False,7762,-104,-2.829243865798703,7778.142857142857,7496.5,-32372,False,161.41812018421564,1.456140350877193,None
2024-05-06,173,337,211,7449,205,1.0,False,False,7786,6,0.30919866013914277,7809.571428571428,7547.142857142857,-32366,True,131.95814632279647,0.9715639810426541,None
2024-05-07,176,334,246,7566,163,1.0,False,False,7900,83,1.4641664526072518,7845.714285714285,7604.571428571428,-32283,True,113.34418715532232,0.6626016260162602,None
2024-05-08,167,374,205,7583,202,1.0,False,False,7957,3,0.7215189873417627,7887.428571428572,7669.357142857143,-32280,True,86.24356428712895,0.9853658536585366,None
2024-05-09,138,285,268,7570,244,1.0,False,False,7855,24,-1.2818901596078902,7884.714285714285,7721.5,-32256,True,87.03201381426952,0.9104477611940298,None
2024-05-12,138,301,263,7464,245,3.0,False,False,7765,18,-1.145767027371103,7859.0,7760.214285714285,-32238,True,92.66067126886054,0.9315589353612167,None
2024-05-13,112,331,167,7499,157,1.0,False,False,7830,10,0.8370895041854398,7836.428571428572,7791.357142857143,-32228,True,73.20031225535581,0.9401197604790419,None
2024-05-14,246,419,218,7546,186,1.0,False,False,7965,32,1.724137931034475,7865.428571428572,7821.785714285715,-32196,True,78.79690590973851,0.8532110091743119,None
2024-05-15,115,285,341,7589,265,1.0,True,False,7874,76,-1.1424984306340202,7878.0,7843.785714285715,-32120,True,70.60689295903839,0.7771260997067448,Transfer exceedds reported CBP custody
2024-05-16,206,340,214,7565,234,1.0,False,False,7905,-20,0.3937007874015741,7878.714285714285,7862.214285714285,-32140,False,70.89126482555662,1.0934579439252337,None
2024-05-19,143,295,278,7356,298,3.0,False,False,7651,-20,-3.2131562302340266,7835.0,7861.214285714285,-32160,False,102.06370559604328,1.0719424460431655,None
2024-05-20,111,268,217,7368,192,1.0,False,False,7636,25,-0.19605280355509125,7803.714285714285,7844.214285714285,-32135,True,125.73214158904337,0.8847926267281107,None
2024-05-21,196,348,176,7404,145,1.0,False,False,7752,31,1.5191199580932402,7801.857142857143,7830.428571428572,-32104,True,126.49298870084463,0.8238636363636364,None
2024-05-22,168,349,272,7474,208,1.0,False,False,7823,64,0.9158926728586092,7800.857142857143,7818.642857142857,-32040,True,126.26087883349041,0.7647058823529411,None
2024-05-23,193,272,314,7494,227,1.0,True,False,7766,87,-0.7286207337338646,7772.428571428572,7818.928571428572,-31953,True,103.49373111907894,0.7229299363057324,Transfer exceedds reported CBP custody
2024-05-27,156,344,252,7365,167,4.0,False,False,7709,85,-0.7339685809940821,7748.857142857143,7813.428571428572,-31868,True,94.94108448825176,0.6626984126984127,None
2024-05-28,153,348,239,7418,151,1.0,False,False,7766,88,0.7393955117395157,7729.0,7803.857142857143,-31780,True,67.37457482855964,0.6317991631799164,None
2024-05-29,182,462,158,7491,141,1.0,False,False,7953,17,2.4079320113314484,7772.142857142857,7803.571428571428,-31763,True,98.5721877127213,0.8924050632911392,None
2024-05-30,167,406,339,7563,190,1.0,False,False,7969,149,0.20118194392053645,7819.714285714285,7811.714285714285,-31614,True,102.20520907419775,0.56047197640118,None
2024-06-02,159,330,322,7546,306,3.0,False,False,7876,16,-1.1670222110678918,7837.428571428572,7819.642857142857,-31598,True,99.21501422473682,0.9503105590062112,None
2024-06-03,109,244,257,7596,224,1.0,True,False,7840,33,-0.45708481462671813,7839.857142857143,7820.357142857143,-31565,True,99.01082191931614,0.8715953307392996,Transfer exceedds reported CBP custody
2024-06-04,260,356,176,7565,203,1.0,False,False,7921,-27,1.033163265306114,7862.0,7817.214285714285,-31592,False,97.0532499884932,1.1534090909090908,None
2024-06-05,173,345,291,7691,198,1.0,False,False,8036,93,1.4518368892816547,7908.714285714285,7828.785714285715,-31499,True,89.54275382129087,0.6804123711340206,None
2024-06-06,179,326,282,7741,238,1.0,False,False,8067,44,0.3857640617222602,7951.714285714285,7840.357142857143,-31455,True,81.49788194732571,0.8439716312056738,None
2024-06-09,116,289,166,7451,312,3.0,False,False,7740,-146,-4.0535515061361105,7921.285714285715,7846.714285714285,-31601,False,114.15736840826472,1.8795180722891567,None
2024-06-10,184,334,229,7439,212,1.0,False,False,7773,17,0.426356589147292,7893.285714285715,7856.5,-31584,True,124.10709660840098,0.925764192139738,None
2024-06-11,186,352,224,7493,156,1.0,False,False,7845,68,0.9262832883056626,7888.857142857143,7863.142857142857,-31516,True,125.37334720933208,0.6964285714285714,None
2024-06-12,152,266,274,7548,212,1.0,True,False,7814,62,-0.39515615041427754,7885.142857142857,7862.5,-31454,True,127.43027972374435,0.7737226277372263,Transfer exceedds reported CBP custody
2024-06-13,167,293,230,7544,259,1.0,False,False,7837,-29,0.2943434860506855,7873.142857142857,7867.571428571428,-31483,False,127.44597361420139,1.126086956521739,None
2024-06-16,204,315,233,7307,294,3.0,False,False,7622,-61,-2.7433967079239507,7814.0,7861.357142857143,-31544,False,135.10489751792437,1.261802575107296,None
2024-06-17,159,310,272,7318,224,1.0,False,False,7628,48,0.07871949619522312,7751.285714285715,7851.5,-31496,True,93.6086076627941,0.8235294117647058,None
2024-06-18,160,297,253,7340,214,1.0,False,False,7637,39,0.11798636601991763,7736.571428571428,7828.928571428572,-31457,True,103.27448401040078,0.8458498023715415,None
2024-06-19,204,321,246,7433,198,1.0,False,False,7754,48,1.5320151892104228,7733.857142857143,7813.571428571428,-31409,True,102.40349696407671,0.8048780487804879,None
2024-06-20,145,247,243,7431,235,1.0,False,False,7678,8,-0.9801392829507316,7710.0,7799.428571428572,-31401,True,91.01465083524833,0.9670781893004116,None
2024-06-23,102,227,201,7247,294,3.0,False,False,7474,-93,-2.6569419119562343,7661.428571428572,7773.285714285715,-31494,False,114.0670229044369,1.462686567164179,None
2024-06-24,116,175,172,7239,202,1.0,False,False,7414,-30,-0.8027829810008047,7601.0,7737.071428571428,-31524,False,117.54573577972005,1.1744186046511629,None
2024-06-25,172,263,191,7239,202,1.0,False,False,7502,-11,1.1869436201780381,7583.857142857143,7698.928571428572,-31535,False,122.61379554168713,1.057591623036649,None
2024-06-26,132,235,197,7268,187,1.0,False,False,7503,10,0.013329778725679198,7566.0,7658.642857142857,-31525,True,124.20547491956971,0.949238578680203,None
2024-06-27,174,208,256,7248,268,1.0,True,False,7456,-12,-0.6264161002265789,7540.142857142857,7638.357142857143,-31537,False,125.79139950915626,1.046875,Transfer exceedds reported CBP custody
2024-06-30,123,230,167,6874,273,3.0,False,False,7104,-106,-4.72103004291845,7447.285714285715,7590.571428571428,-31643,False,172.75677920678265,1.6347305389221556,None
2024-07-01,123,233,159,6825,229,1.0,False,False,7058,-70,-0.6475225225225256,7358.714285714285,7534.357142857143,-31713,False,192.5571034660489,1.440251572327044,None
2024-07-02,141,232,188,6823,184,1.0,False,False,7055,4,-0.042504958911870894,7298.857142857143,7480.142857142857,-31709,True,214.60850291590566,0.9787234042553191,None
2024-07-04,158,226,191,6790,225,2.0,False,False,7016,-34,-0.5527994330262187,7242.0,7421.5,-31743,False,231.10675743761848,1.1780104712041886,None
2024-07-07,96,160,233,6599,213,3.0,True,False,6759,20,-3.6630558722919093,7135.857142857143,7359.857142857143,-31723,True,260.54009836710355,0.9141630901287554,Transfer exceedds reported CBP custody
2024-07-08,141,173,129,6617,123,1.0,False,False,6790,6,0.458647728953987,7034.0,7300.0,-31717,True,230.75455936267883,0.9534883720930233,None
2024-07-09,116,181,182,6651,130,1.0,True,False,6832,52,0.6185567010309256,6944.857142857143,7242.5,-31665,True,145.24740797620842,0.7142857142857143,Transfer exceedds reported CBP custody
2024-07-10,150,157,201,6649,177,1.0,True,False,6806,24,-0.38056206088993294,6902.285714285715,7174.785714285715,-31641,True,134.0705215992781,0.8805970149253731,Transfer exceedds reported CBP custody
2024-07-11,80,176,125,6640,197,1.0,False,False,6816,-72,0.1469291801351691,6867.714285714285,7113.214285714285,-31713,False,117.38925885802303,1.576,None
2024-07-14,116,188,164,6308,237,3.0,False,False,6496,-73,-4.694835680751175,6787.857142857143,7043.357142857143,-31786,False,153.3714755872409,1.4451219512195121,None
2024-07-15,105,185,158,6283,171,1.0,False,False,6468,-13,-0.4310344827586188,6709.571428571428,6975.785714285715,-31799,False,157.3190570601161,1.0822784810126582,None
2024-07-16,136,246,123,6239,173,1.0,False,False,6485,-50,0.26283240568953925,6670.428571428572,6903.142857142857,-31849,False,175.95440426698877,1.4065040650406504,None
2024-07-17,128,228,177,6228,187,1.0,False,False,6456,-10,-0.44718581341557373,6622.714285714285,6828.357142857143,-31859,False,183.2600286348248,1.0564971751412429,None
2024-07-21,90,196,205,6058,262,4.0,True,False,6254,-57,-3.1288723667905805,6540.142857142857,6742.5,-31916,False,202.45528606865724,1.278048780487805,Transfer exceedds reported CBP custody
2024-07-22,102,189,155,6002,234,1.0,False,False,6191,-79,-1.0073552926127327,6452.285714285715,6677.285714285715,-31995,False,201.29473770710126,1.5096774193548388,None
2024-07-23,120,257,126,5965,170,1.0,False,False,6222,-44,0.500726861573253,6367.428571428572,6617.571428571428,-32039,False,137.51103851795025,1.3492063492063493,None
2024-07-24,137,272,166,5927,177,1.0,False,False,6199,-11,-0.3696560591449738,6325.0,6556.428571428572,-32050,False,137.0474370427976,1.0662650602409638,None
2024-07-25,93,198,208,5954,194,1.0,True,False,6152,14,-0.7581868043232798,6279.857142857143,6494.714285714285,-32036,True,134.10621234855554,0.9326923076923077,Transfer exceedds reported CBP custody
2024-07-28,152,290,199,5743,207,3.0,False,False,6033,-8,-1.934330299089726,6215.285714285715,6442.857142857143,-32044,False,127.52478750647376,1.0402010050251256,None
2024-07-29,114,210,219,5819,163,1.0,True,False,6029,56,-0.06630200563566557,6154.285714285715,6388.5,-31988,True,89.71011515935527,0.7442922374429224,Transfer exceedds reported CBP custody
2024-07-30,125,203,208,5930,92,1.0,True,False,6133,116,1.724995853375355,6137.0,6338.571428571428,-31872,True,78.2155142325788,0.4423076923076923,Transfer exceedds reported CBP custody
2024-07-31,140,261,163,5963,154,1.0,False,False,6224,9,1.4837762921897868,6141.714285714285,6297.0,-31863,True,82.86880049354016,0.9447852760736196,None
2024-08-01,227,298,212,6016,169,1.0,False,False,6314,43,1.4460154241645151,6154.857142857143,6261.142857142857,-31820,True,102.65708056669179,0.7971698113207547,None
2024-08-04,63,167,143,5943,170,3.0,False,False,6110,-27,-3.230915426037373,6142.142857142857,6233.571428571428,-31847,False,101.7864243918424,1.1888111888111887,None
2024-08-05,172,259,138,5950,150,1.0,False,False,6209,-12,1.6202945990180018,6150.285714285715,6215.071428571428,-31859,False,104.93762319542412,1.0869565217391304,None
2024-08-06,163,283,200,5998,143,1.0,False,False,6281,57,1.1596070220647459,6185.714285714285,6200.5,-31802,True,100.51154873232947,0.715,None
2024-08-07,135,273,207,6038,174,1.0,False,False,6311,33,0.4776309504855858,6226.0,6190.142857142857,-31769,True,82.0487659870638,0.8405797101449275,None
2024-08-08,119,230,213,6084,174,1.0,False,False,6314,39,0.04753604816987167,6251.857142857143,6194.428571428572,-31730,True,76.16523391379272,0.8169014084507042,None
2024-08-11,95,211,140,5894,249,3.0,False,False,6105,-109,-3.3101045296167197,6234.857142857143,6188.285714285715,-31839,False,94.49414191971276,1.7785714285714285,None
2024-08-12,109,219,155,5903,148,1.0,False,False,6122,7,0.27846027846027965,6207.428571428572,6181.142857142857,-31832,True,95.55252856039834,0.9548387096774194,None
2024-08-13,162,239,189,5981,123,1.0,False,False,6220,66,1.6007840574975507,6223.142857142857,6182.642857142857,-31766,True,85.36085865592133,0.6507936507936508,None
2024-08-14,109,226,191,5987,178,1.0,False,False,6213,13,-0.11254019292604722,6223.714285714285,6187.0,-31753,True,85.26373649978488,0.9319371727748691,None
2024-08-15,124,241,156,5895,220,1.0,False,False,6136,-64,-1.2393368742958266,6203.0,6194.357142857143,-31817,False,86.62947920117416,1.4102564102564104,None
2024-08-18,86,244,235,5821,178,3.0,False,False,6065,57,-1.1571056062581464,6167.857142857143,6196.928571428572,-31760,True,85.40380274794285,0.7574468085106383,None
2024-08-19,176,254,162,5865,158,1.0,False,False,6119,4,0.8903544929925733,6140.0,6195.928571428572,-31756,True,56.80375574437556,0.9753086419753086,None
2024-08-20,136,274,245,5995,112,1.0,False,False,6269,133,2.45138094459878,6163.428571428572,6199.142857142857,-31623,True,71.8026395588565,0.45714285714285713,None
2024-08-21,134,245,167,6028,156,1.0,False,False,6273,11,0.06380602966979954,6185.0,6196.214285714285,-31612,True,79.54663202591706,0.9341317365269461,None
2024-08-22,182,307,205,6054,171,1.0,False,False,6361,34,1.4028375577873398,6205.142857142857,6214.142857142857,-31578,True,103.98466004084196,0.8341463414634146,None
2024-08-27,149,285,222,6152,97,5.0,False,False,6437,125,1.1947806948592987,6237.142857142857,6230.428571428572,-31453,True,136.26252672865016,0.4369369369369369,None
2024-08-28,170,285,178,6227,134,1.0,False,False,6512,44,1.1651390399254336,6290.857142857143,6246.928571428572,-31409,True,161.51617934583516,0.7528089887640449,None
2024-08-29,145,295,188,6250,169,1.0,False,False,6545,19,0.5067567567567544,6359.428571428572,6263.642857142857,-31390,True,151.21051235816444,0.898936170212766,None
2024-09-02,133,270,198,6192,129,4.0,False,False,6462,69,-1.268143621084794,6408.428571428572,6274.214285714285,-31321,True,110.3749022541737,0.6515151515151515,None
2024-09-03,131,263,177,6272,112,1.0,False,False,6535,65,1.1296812132466805,6446.428571428572,6304.928571428572,-31256,True,99.63911069932111,0.632768361581921,None
2024-09-04,121,231,219,6375,114,1.0,False,False,6606,105,1.0864575363427775,6494.0,6339.5,-31151,True,80.73826024051812,0.5205479452054794,None
2024-09-05,126,230,175,6448,121,1.0,False,False,6678,54,1.089918256130784,6539.285714285715,6372.214285714285,-31097,True,82.58675092634525,0.6914285714285714,None
2024-09-08,123,255,164,6312,221,3.0,False,False,6567,-57,-1.6621743036837389,6557.857142857143,6397.5,-31154,False,69.29990036410483,1.3475609756097562,None
2024-09-09,144,275,190,6353,141,1.0,False,False,6628,49,0.928886858535094,6574.428571428572,6432.642857142857,-31105,True,70.36774152704939,0.7421052631578947,None
2024-09-10,131,251,180,6396,148,1.0,False,False,6647,32,0.28666264333132574,6589.0,6474.214285714285,-31073,True,73.73827590425374,0.8222222222222222,None
2024-09-11,93,248,175,6410,162,1.0,False,False,6658,13,0.16548819016097838,6617.0,6512.714285714285,-31060,True,51.264022471889554,0.9257142857142857,None
2024-09-12,184,280,210,6360,220,1.0,False,False,6640,-10,-0.270351456893958,6632.0,6539.214285714285,-31070,False,36.51027252703454,1.0476190476190477,None
2024-09-13,81,200,212,6326,279,1.0,True,False,6526,-67,-1.7168674698795128,6620.571428571428,6557.285714285715,-31137,False,54.2274750252806,1.3160377358490567,Transfer exceedds reported CBP custody
2024-09-15,98,220,167,6234,210,2.0,False,False,6454,-43,-1.1032791909285966,6588.571428571428,6563.928571428572,-31180,False,76.2929816406303,1.2574850299401197,None
2024-09-16,113,209,160,6229,164,1.0,False,False,6438,-4,-0.24790827393864623,6570.142857142857,6564.0,-31184,False,95.527358335059,1.025,None
2024-09-17,159,304,139,6227,160,1.0,False,False,6531,-21,1.4445479962721386,6556.285714285715,6565.357142857143,-31205,False,92.73027963887193,1.1510791366906474,None
2024-09-18,116,213,217,6245,149,1.0,True,False,6458,68,-1.1177461338233052,6529.285714285715,6559.142857142857,-31137,True,89.36948451179217,0.6866359447004609,Transfer exceedds reported CBP custody
2024-09-19,93,196,169,6270,188,1.0,False,False,6466,-19,0.12387736141219463,6501.857142857143,6559.428571428572,-31156,False,70.82002676132629,1.1124260355029585,None
2024-09-22,124,234,161,5989,197,3.0,False,False,6223,-36,-3.7581193937519353,6442.285714285715,6537.142857142857,-31192,False,103.22259811641888,1.2236024844720497,None
2024-09-23,92,203,173,6002,165,1.0,False,False,6205,8,-0.28924955809095376,6396.428571428572,6508.5,-31184,True,128.13125710621173,0.953757225433526,None
2024-09-24,186,259,172,6023,143,1.0,False,False,6282,29,1.2409347300563978,6371.857142857143,6480.214285714285,-31155,True,131.6933667924927,0.8313953488372093,None
2024-09-25,154,225,220,6050,169,1.0,False,False,6275,51,-0.11142948105699046,6348.571428571428,6459.357142857143,-31104,True,132.45736061446948,0.7681818181818182,None
2024-09-26,91,199,172,6090,185,1.0,False,False,6289,-13,0.223107569721126,6314.0,6435.142857142857,-31117,False,105.80800221785074,1.0755813953488371,None
2024-09-29,81,213,153,5925,177,3.0,False,False,6138,-24,-2.401017649864845,6268.285714285715,6398.785714285715,-31141,False,102.29322930626593,1.1568627450980393,None
2024-09-30,209,285,184,5967,138,1.0,False,False,6252,46,1.8572825024437911,6237.714285714285,6369.785714285715,-31095,True,53.87551789608209,0.75,None
2024-10-01,184,314,217,6040,137,1.0,False,False,6354,80,1.6314779270633295,6256.428571428572,6349.357142857143,-31015,True,68.6412343101334,0.631336405529954,None
2024-10-02,107,215,230,6091,173,1.0,True,False,6306,57,-0.7554296506137814,6270.857142857143,6333.642857142857,-30958,True,66.61438426102687,0.7521739130434782,Transfer exceedds reported CBP custody
2024-10-03,101,162,178,6118,193,1.0,True,False,6280,-15,-0.4123057405645447,6270.571428571428,6321.214285714285,-30973,False,66.5628954269464,1.0842696629213484,Transfer exceedds reported CBP custody
2024-10-07,99,190,176,5968,153,4.0,False,False,6158,23,-1.942675159235674,6253.857142857143,6301.214285714285,-30950,True,78.82560618527347,0.8693181818181818,None
2024-10-08,167,239,166,6013,123,1.0,False,False,6252,43,1.5264696329977179,6248.571428571428,6281.285714285715,-30907,True,77.30212835115672,0.7409638554216867,None
2024-10-09,115,216,169,6047,137,1.0,False,False,6263,32,0.175943698016634,6266.428571428572,6267.357142857143,-30875,True,60.005158508403305,0.8106508875739645,None
2024-10-10,84,158,193,6075,159,1.0,True,False,6233,34,-0.4790036723614888,6263.714285714285,6250.714285714285,-30841,True,61.18473198904284,0.8238341968911918,Transfer exceedds reported CBP custody
2024-10-13,130,227,192,5889,210,3.0,False,False,6116,-18,-1.8771057275790204,6229.714285714285,6243.071428571428,-30859,False,68.35864804035062,1.09375,None
2024-10-14,88,214,160,5935,106,1.0,False,False,6149,54,0.5395683453237377,6207.285714285715,6239.071428571428,-30805,True,64.82210087543177,0.6625,None
2024-10-15,113,208,159,6013,107,1.0,False,False,6221,52,1.170922101154659,6198.857142857143,6234.714285714285,-30753,True,57.176418715610296,0.6729559748427673,None
2024-10-16,174,285,150,6036,129,1.0,False,False,6321,21,1.6074586079408482,6222.142857142857,6238.0,-30732,True,69.60466596291744,0.86,None
2024-10-17,104,230,206,6076,160,1.0,False,False,6306,46,-0.23730422401518902,6229.857142857143,6239.214285714285,-30686,True,76.14991479843732,0.7766990291262136,None
2024-10-20,147,276,214,5918,195,3.0,False,False,6194,19,-1.776086267047261,6220.0,6243.214285714285,-30667,True,75.60864148142375,0.9112149532710281,None
2024-10-21,108,220,213,5966,154,1.0,False,False,6186,59,-0.12915724895059544,6213.285714285715,6238.5,-30608,True,76.34508123364124,0.7230046948356808,None
2024-10-22,180,280,146,6043,109,1.0,False,False,6323,37,2.2146783058519137,6242.857142857143,6236.285714285715,-30571,True,72.36810662952634,0.7465753424657534,None
2024-10-23,134,294,186,6077,138,1.0,False,False,6371,48,0.7591333227898067,6274.571428571428,6240.928571428572,-30523,True,73.022501424459,0.7419354838709677,None
2024-10-27,202,313,158,5974,192,4.0,False,False,6287,-34,-1.318474336838804,6284.0,6241.428571428572,-30557,False,69.10861017267914,1.2151898734177216,None
2024-10-28,110,272,193,6008,156,1.0,False,False,6280,37,-0.11134086209638738,6278.142857142857,6250.142857142857,-30520,True,67.16007884506658,0.8082901554404145,None
2024-10-29,166,277,229,6106,126,1.0,False,False,6383,103,1.6401273885350287,6289.142857142857,6259.5,-30417,True,77.92609441307512,0.5502183406113537,None
2024-10-30,136,276,178,6149,160,1.0,False,False,6425,18,0.6579978066739711,6322.142857142857,6271.071428571428,-30399,True,79.80899817987513,0.898876404494382,None
2024-10-31,87,246,173,6148,177,1.0,False,False,6394,-4,-0.4824902723735369,6351.857142857143,6282.571428571428,-30403,False,55.77463154345792,1.023121387283237,None
2024-11-03,84,171,157,5990,184,3.0,False,False,6161,-27,-3.6440412887081663,6328.714285714285,6285.785714285715,-30430,False,91.75095691728315,1.1719745222929936,None
2024-11-04,167,209,157,6007,132,1.0,False,False,6216,25,0.8927122220418804,6306.571428571428,6290.571428571428,-30405,True,98.313880238846,0.8407643312101911,None
2024-11-05,109,245,159,6045,126,1.0,False,False,6290,33,1.1904761904761862,6307.0,6295.5,-30372,True,98.22083960816278,0.7924528301886793,None
2024-11-06,156,256,176,6086,137,1.0,False,False,6342,39,0.8267090620031725,6315.857142857143,6297.0,-30333,True,98.17574135434515,0.7784090909090909,None
2024-11-07,125,232,192,6084,177,1.0,False,False,6316,15,-0.40996531062755803,6306.285714285715,6297.714285714285,-30318,True,93.70292468881219,0.921875,None
2024-11-11,118,139,168,5963,145,4.0,True,False,6102,23,-3.3882203926535737,6260.142857142857,6291.142857142857,-30295,True,104.41651940094918,0.8630952380952381,Transfer exceedds reported CBP custody
2024-11-12,142,235,139,5975,138,1.0,False,False,6210,1,1.7699115044247815,6233.857142857143,6292.857142857143,-30294,True,86.77255436182313,0.9928057553956835,None
2024-11-13,148,245,175,5966,151,1.0,False,False,6211,24,0.016103059581329404,6241.0,6284.857142857143,-30270,True,81.68435182660552,0.8628571428571429,None
2024-11-14,119,219,210,6025,172,1.0,False,False,6244,38,0.5313154081468374,6245.0,6275.785714285715,-30232,True,80.93824806603688,0.819047619047619,None
2024-11-17,105,210,149,5816,195,3.0,False,False,6026,-46,-3.49135169762973,6207.285714285715,6257.142857142857,-30278,False,112.0159427428564,1.308724832214765,None
2024-11-18,143,203,163,5819,138,1.0,False,False,6022,25,-0.06637902422834685,6161.571428571428,6238.714285714285,-30253,True,113.16633354323471,0.8466257668711656,None
2024-11-19,119,209,152,5844,146,1.0,False,False,6053,6,0.5147791431418192,6124.0,6215.142857142857,-30247,True,95.65388997143,0.9605263157894737,None
2024-11-20,155,212,181,5879,148,1.0,False,False,6091,33,0.6277878737815934,6122.428571428572,6191.285714285715,-30214,True,96.16454152970744,0.8176795580110497,None
2024-11-21,109,214,173,5850,210,1.0,False,False,6064,-37,-0.44327696601543787,6101.571428571428,6167.714285714285,-30251,False,89.61558112824049,1.2138728323699421,None
2024-11-24,191,283,192,5664,207,3.0,False,False,5947,-15,-1.9294195250659674,6063.857142857143,6152.428571428572,-30266,False,91.42105623875483,1.078125,None
2024-11-25,170,297,196,5715,129,1.0,False,False,6012,67,1.0929880612073228,6030.714285714285,6137.857142857143,-30199,True,45.99896479166647,0.6581632653061225,None
2024-11-26,152,272,214,5826,112,1.0,False,False,6098,102,1.4304723885562254,6041.0,6124.142857142857,-30097,True,52.376839665385326,0.5233644859813084,None
2024-11-27,239,367,224,5862,211,1.0,False,False,6229,13,2.1482453263365064,6070.571428571428,6116.071428571428,-30084,True,86.91155876877953,0.9419642857142857,None
2024-11-28,113,280,237,5963,143,1.0,False,False,6243,94,0.224755177396041,6097.714285714285,6110.857142857143,-29990,True,107.69356880475539,0.6033755274261603,None
2024-12-01,196,306,187,5986,149,3.0,False,False,6292,38,0.7848790645522907,6126.428571428572,6124.428571428572,-29952,True,130.07543598857833,0.7967914438502673,None
2024-12-02,236,330,222,6061,115,1.0,False,False,6391,107,1.573426573426584,6173.142857142857,6137.357142857143,-29845,True,159.3438928559097,0.5180180180180181,None
2024-12-03,81,230,242,6192,107,1.0,True,False,6422,135,0.48505711156312525,6241.0,6152.428571428572,-29710,True,147.70466027402713,0.44214876033057854,Transfer exceedds reported CBP custody
2024-12-04,118,245,160,6269,115,1.0,False,False,6514,45,1.4325755216443525,6312.714285714285,6171.714285714285,-29665,True,139.63489808032799,0.71875,None
2024-12-05,218,283,208,6310,150,1.0,False,False,6593,58,1.2127724900214965,6383.428571428572,6212.214285714285,-29607,True,138.10727369555016,0.7211538461538461,None
2024-12-08,132,243,183,6286,172,3.0,False,False,6529,11,-0.9707265281359012,6426.285714285715,6248.428571428572,-29596,True,128.40523650499273,0.9398907103825137,None
2024-12-09,224,315,152,6268,174,1.0,False,False,6583,-22,0.8270791851738402,6474.857142857143,6286.285714285715,-29618,False,110.5884692172183,1.144736842105263,None
2024-12-10,167,326,213,6310,149,1.0,False,False,6636,64,0.8051040559015732,6524.0,6325.214285714285,-29554,True,90.37329989178892,0.6995305164319249,None
2024-12-11,209,353,232,6402,152,1.0,False,False,6755,80,1.793248945147674,6576.0,6374.571428571428,-29474,True,104.68046618160268,0.6551724137931034,None
2024-12-12,153,253,286,6481,194,1.0,True,False,6734,92,-0.31088082901554737,6620.571428571428,6430.785714285715,-29382,True,94.06532684407784,0.6783216783216783,Transfer exceedds reported CBP custody
2024-12-15,180,337,219,6408,224,3.0,False,False,6745,-5,0.16335016335016217,6653.571428571428,6483.142857142857,-29387,False,90.91361677044338,1.0228310502283104,None
2024-12-16,133,287,189,6454,149,1.0,False,False,6741,40,-0.05930318754633346,6674.714285714285,6529.071428571428,-29347,True,91.6855391827705,0.7883597883597884,None
2024-12-17,187,310,247,6506,151,1.0,False,False,6816,96,1.1125945705384943,6715.714285714285,6571.0,-29251,True,78.950858736528,0.611336032388664,None
2024-12-18,168,285,210,6598,134,1.0,False,False,6883,76,0.9829812206572752,6758.571428571428,6616.714285714285,-29175,True,76.28205805397062,0.638095238095238,None
2024-12-19,269,412,204,6600,238,1.0,False,False,7012,-34,1.8741827691413526,6812.285714285715,6668.142857142857,-29209,False,103.2145246330906,1.1666666666666667,None
2024-12-22,100,255,236,6595,268,3.0,False,False,6850,-32,-2.310325156873927,6825.857142857143,6700.928571428572,-29241,False,100.6403308344767,1.1355932203389831,None
2024-12-23,205,294,177,6548,231,1.0,False,False,6842,-54,-0.11678832116788218,6841.285714285715,6730.928571428572,-29295,False,92.12982558271482,1.305084745762712,None
2024-12-24,161,304,211,6622,155,1.0,False,False,6926,56,1.2277111955568465,6867.142857142857,6760.357142857143,-29239,True,85.78350379767741,0.7345971563981043,None
2024-12-25,57,162,193,6689,107,1.0,True,False,6851,86,-1.082876118971987,6882.857142857143,6778.785714285715,-29153,True,66.79927287882265,0.5544041450777202,Transfer exceedds reported CBP custody
2024-12-26,80,122,152,6707,135,1.0,True,False,6829,17,-0.3211210042329604,6884.714285714285,6800.214285714285,-29136,True,64.78094958062883,0.8881578947368421,Transfer exceedds reported CBP custody
2024-12-29,107,170,133,6465,216,3.0,False,False,6635,-83,-2.8408258895885163,6849.285714285715,6803.928571428572,-29219,False,114.56252191955345,1.6240601503759398,None
2024-12-30,99,156,139,6454,177,1.0,False,False,6610,-38,-0.37678975131876236,6791.857142857143,6802.071428571428,-29257,False,120.02975821495242,1.2733812949640289,None
2025-01-01,25,66,94,6405,144,2.0,True,False,6471,-50,-2.1028744326777593,6737.714285714285,6781.785714285715,-29307,False,166.0780080621819,1.5319148936170213,Transfer exceedds reported CBP custody
2025-01-02,35,70,53,6292,170,1.0,False,False,6362,-117,-1.6844382630196275,6669.142857142857,6755.214285714285,-29424,False,209.30952245531964,3.207547169811321,None
2025-01-05,43,73,64,5882,185,3.0,False,False,5955,-121,-6.397359320968254,6530.428571428572,6698.785714285715,-29545,False,308.8137826926623,2.890625,None
2025-01-06,41,60,71,5769,190,1.0,True,False,5829,-119,-2.1158690176322437,6384.428571428572,6633.642857142857,-29664,False,367.92655840663554,2.676056338028169,Transfer exceedds reported CBP custody
2025-01-07,65,83,65,5703,133,1.0,False,False,5786,-68,-0.7376908560645101,6235.428571428572,6560.071428571428,-29732,False,369.0721958022379,2.046153846153846,None
2025-01-08,38,80,82,5605,184,1.0,True,False,5685,-102,-1.7455928102315887,6099.714285714285,6474.5,-29834,False,372.3061975872886,2.2439024390243905,Transfer exceedds reported CBP custody
2025-01-09,56,82,68,5507,164,1.0,False,False,5589,-96,-1.6886543535620024,5953.857142857143,6372.857142857143,-29930,False,337.4386011170192,2.411764705882353,None
2025-01-12,74,103,80,5092,235,3.0,False,False,5195,-155,-7.049561638933621,5771.571428571428,6254.642857142857,-30085,False,355.67300391551805,2.9375,None
2025-01-13,68,107,102,5019,181,1.0,False,False,5126,-79,-1.3282001924927789,5595.0,6132.071428571428,-30164,False,318.573382441163,1.7745098039215685,None
2025-01-14,92,124,93,4957,139,1.0,False,False,5081,-46,-0.877877487319545,5470.142857142857,6000.285714285715,-30210,False,325.1678687342082,1.4946236559139785,None
2025-01-15,113,162,107,4903,164,1.0,False,False,5065,-57,-0.3148986419996058,5361.0,5872.714285714285,-30267,False,312.6185108616229,1.5327102803738317,None
2025-01-16,106,196,131,4881,159,1.0,False,False,5077,-28,0.23692003948667661,5259.714285714285,5747.571428571428,-30295,False,262.8692414400061,1.213740458015267,None
2025-01-19,86,152,168,4628,176,3.0,True,False,4780,-8,-5.849911364979321,5130.428571428572,5615.071428571428,-30303,False,240.43561656770592,1.0476190476190477,Transfer exceedds reported CBP custody
2025-01-20,84,118,136,4638,127,1.0,True,False,4756,9,-0.5020920502092019,5011.428571428572,5482.642857142857,-30294,True,172.06477185726882,0.9338235294117647,Transfer exceedds reported CBP custody
2025-01-21,59,64,117,4728,54,1.0,True,False,4792,63,0.7569386038688064,4953.857142857143,5362.714285714285,-30231,True,167.77308939105305,0.46153846153846156,Transfer exceedds reported CBP custody
2025-01-22,62,97,52,4717,83,1.0,False,False,4814,-31,0.45909849749583564,4909.285714285715,5252.142857142857,-30262,False,155.40668613430785,1.5961538461538463,None
2025-01-23,91,75,97,4621,174,1.0,True,False,4696,-77,-2.451184046530952,4854.285714285715,5162.214285714285,-30339,False,152.60921148011062,1.7938144329896908,Transfer exceedds reported CBP custody
2025-01-26,29,51,11,4241,182,3.0,False,False,4292,-171,-8.603066439523,4743.857142857143,5052.428571428572,-30510,False,233.14546858950587,16.545454545454547,None
2025-01-27,33,53,34,4161,127,1.0,False,False,4214,-93,-1.817334575955265,4620.571428571428,4940.142857142857,-30603,False,254.79067038315497,3.735294117647059,None
2025-01-28,32,49,39,4096,101,1.0,False,False,4145,-62,-1.6373991457047987,4529.857142857143,4830.142857142857,-30665,False,297.9532561613572,2.58974358974359,None
2025-01-29,32,50,39,4036,99,1.0,False,False,4086,-60,-1.423401688781667,4434.142857142857,4722.785714285715,-30725,False,319.9991815465928,2.5384615384615383,None
2025-01-30,47,42,47,3923,159,1.0,True,False,3965,-112,-2.961331375428289,4316.0,4634.928571428572,-30837,False,318.51896856128843,3.382978723404255,Transfer exceedds reported CBP custody
2025-02-02,20,22,41,3483,168,3.0,True,False,3505,-127,-11.601513240857509,4129.0,4519.142857142857,-30964,False,359.0868047329898,4.097560975609756,Transfer exceedds reported CBP custody
2025-02-03,23,45,11,3403,102,1.0,False,False,3448,-91,-1.6262482168330927,3950.714285714286,4402.5,-31055,False,339.95868096273244,9.272727272727273,None
2025-02-04,34,54,29,3359,74,1.0,False,False,3413,-45,-1.0150812064965153,3825.1428571428573,4284.5,-31100,False,354.897839089636,2.5517241379310347,None
2025-02-05,26,36,36,3290,104,1.0,False,False,3326,-68,-2.5490770583064704,3698.285714285714,4159.428571428572,-31168,False,351.4255323136362,2.888888888888889,None
2025-02-06,25,32,27,3181,145,1.0,False,False,3213,-118,-3.397474443776305,3565.1428571428573,4047.5,-31286,False,329.8633194579661,5.37037037037037,None
2025-02-09,15,13,23,2878,99,3.0,True,False,2891,-76,-10.02178649237473,3394.4285714285716,3914.285714285714,-31362,False,324.55911487376056,4.304347826086956,Transfer exceedds reported CBP custody
2025-02-10,16,18,15,2834,63,1.0,False,False,2852,-48,-1.3490141819439638,3235.4285714285716,3775.714285714286,-31410,False,265.75104712425866,4.2,None
2025-02-11,11,22,12,2799,50,1.0,False,False,2821,-38,-1.0869565217391353,3137.714285714286,3633.3571428571427,-31448,False,275.6771749019608,4.166666666666667,None
2025-02-12,16,20,20,2752,66,1.0,False,False,2772,-46,-1.7369727047146455,3041.1428571428573,3495.9285714285716,-31494,False,267.1375604262687,3.3,None
2025-02-13,15,10,23,2703,72,1.0,True,False,2713,-49,-2.128427128427124,2941.1428571428573,3383.1428571428573,-31543,False,233.6574619476818,3.130434782608696,Transfer exceedds reported CBP custody
2025-02-17,8,17,14,2532,15,4.0,False,False,2549,-1,-6.044968669369699,2830.1428571428573,3264.214285714286,-31544,False,202.89112726739225,1.0714285714285714,None
2025-02-18,18,19,11,2536,9,1.0,False,False,2555,2,0.23538642604943316,2736.1428571428573,3150.6428571428573,-31542,True,137.99810212644397,0.8181818181818182,None
2025-02-19,12,17,17,2528,19,1.0,False,False,2545,-2,-0.3913894324853229,2686.714285714286,3040.5714285714284,-31544,False,135.22415253421272,1.1176470588235294,None
2025-02-20,13,25,15,2520,32,1.0,False,False,2545,-17,0.0,2642.8571428571427,2939.1428571428573,-31561,False,121.80096957947855,2.1333333333333333,None
2025-02-23,7,16,8,2423,35,3.0,False,False,2439,-27,-4.165029469548132,2588.285714285714,2863.0,-31588,False,114.00981578470906,4.375,None
2025-02-24,20,22,14,2413,24,1.0,False,False,2435,-10,-0.16400164001639794,2540.1428571428573,2790.6428571428573,-31598,False,92.65604598280865,1.7142857142857142,None
2025-02-25,11,7,7,2413,23,1.0,False,False,2420,-16,-0.6160164271047264,2498.285714285714,2719.714285714286,-31614,False,62.983368931254375,3.2857142857142856,None
2025-02-26,12,21,1,2411,23,1.0,False,False,2432,-22,0.49586776859504855,2481.5714285714284,2655.8571428571427,-31636,False,62.80620230235941,23.0,None
2025-02-27,10,15,17,2391,37,1.0,True,False,2406,-20,-1.0690789473684181,2460.285714285714,2598.214285714286,-31656,False,58.900238499212264,2.176470588235294,Transfer exceedds reported CBP custody
2025-03-02,12,24,4,2297,31,3.0,False,False,2321,-27,-3.5328345802161265,2428.285714285714,2557.5,-31683,False,65.66509546121858,7.75,None
2025-03-03,8,29,18,2287,25,1.0,False,False,2316,-7,-0.21542438604049696,2395.5714285714284,2519.214285714286,-31690,False,53.79856609903389,1.3888888888888888,None
2025-03-04,4,25,10,2272,30,1.0,False,False,2297,-20,-0.8203799654576849,2375.285714285714,2481.785714285714,-31710,False,60.985556447938016,3.0,None
2025-03-05,5,20,4,2238,40,1.0,False,False,2258,-36,-1.6978667827601268,2350.0,2445.0714285714284,-31746,False,68.3495915620084,10.0,None
2025-03-06,7,27,6,2218,33,1.0,False,False,2245,-27,-0.5757307351638596,2325.0,2411.6428571428573,-31773,False,70.45092854860182,5.5,None
2025-03-09,12,25,15,2137,30,3.0,False,False,2162,-15,-3.697104677060137,2286.4285714285716,2384.0,-31788,False,75.81305328006613,2.0,None
2025-03-10,6,28,8,2125,23,1.0,False,False,2153,-15,-0.4162812210915856,2250.285714285714,2355.285714285714,-31803,False,69.33905654053893,2.875,None
2025-03-11,3,11,7,2116,20,1.0,False,False,2127,-13,-1.207617278216444,2222.5714285714284,2325.4285714285716,-31816,False,74.91074053596378,2.857142857142857,None
2025-03-12,6,18,2,2113,8,1.0,False,False,2131,-6,0.18805829807240215,2196.1428571428573,2295.8571428571427,-31822,False,68.84385368719398,4.0,None
2025-03-13,4,20,9,2116,6,1.0,False,False,2136,3,0.2346316283434957,2173.1428571428573,2274.214285714286,-31819,True,55.04370557872389,0.6666666666666666,None
2025-03-16,1,9,8,2117,5,3.0,False,False,2126,3,-0.46816479400748623,2154.285714285714,2252.1428571428573,-31816,True,42.25207799938264,0.625,None
2025-03-17,5,14,0,2111,8,1.0,False,False,2125,-8,-0.04703668861711918,2137.1428571428573,2231.0714285714284,-31824,False,14.622227047800589,,None
2025-03-18,19,34,6,2109,8,1.0,False,False,2143,-2,0.8470588235294008,2134.4285714285716,2210.4285714285716,-31826,False,10.390013521661121,1.3333333333333333,None
2025-03-19,6,22,14,2119,9,1.0,False,False,2141,5,-0.09332711152589823,2132.714285714286,2191.5,-31821,True,7.364651740987036,0.6428571428571429,None
2025-03-20,9,20,11,2124,7,1.0,False,False,2144,4,0.14012143858010973,2135.1428571428573,2178.8571428571427,-31817,True,7.946247993284287,0.6363636363636364,None
2025-03-23,15,29,9,2136,2,3.0,False,False,2165,7,0.9794776119403048,2140.0,2168.0714285714284,-31810,True,13.466006585518452,0.2222222222222222,None
2025-03-24,7,13,11,2139,7,1.0,False,False,2152,4,-0.6004618937644368,2142.285714285714,2157.714285714286,-31806,True,14.020393311148933,0.6363636363636364,None
2025-03-25,12,19,7,2145,6,1.0,False,False,2164,1,0.5576208178438735,2147.714285714286,2151.0,-31805,True,14.02039331114789,0.8571428571428571,None
2025-03-26,9,21,15,2159,2,1.0,False,False,2180,13,0.7393715341959428,2155.5714285714284,2146.3571428571427,-31792,True,14.57002794484363,0.13333333333333333,None
2025-03-27,1,19,13,2159,2,1.0,False,False,2178,11,-0.09174311926605228,2160.5714285714284,2147.5,-31781,True,15.51190019458713,0.15384615384615385,None
2025-03-30,9,20,5,2188,2,3.0,False,False,2208,3,1.377410468319562,2170.1428571428573,2151.4285714285716,-31778,True,21.09050790847063,0.4,None
2025-03-31,9,25,8,2193,5,1.0,False,False,2218,3,0.45289855072463414,2180.714285714286,2157.9285714285716,-31775,True,24.129610342187163,0.625,None
2025-04-01,17,36,7,2191,12,1.0,False,False,2227,-5,0.4057709648331853,2189.5714285714284,2164.785714285714,-31780,False,28.401039552218776,1.7142857142857142,None
2025-04-02,5,31,16,2208,3,1.0,False,False,2239,13,0.5388414907947947,2202.0,2172.1428571428573,-31767,True,28.254793104195947,0.1875,None
2025-04-03,12,26,18,2223,8,1.0,False,False,2249,10,0.44662795891021734,2214.1428571428573,2180.9285714285716,-31757,True,27.455591850059424,0.4444444444444444,None
2025-04-06,7,14,7,2234,11,3.0,False,False,2248,-4,-0.04446420631392112,2223.8571428571427,2189.714285714286,-31761,False,25.307631072537575,1.5714285714285714,None
2025-04-07,12,22,9,2237,5,1.0,False,False,2259,4,0.48932384341637825,2235.4285714285716,2198.0,-31757,True,18.42875599834326,0.5555555555555556,None
2025-04-08,12,34,12,2243,9,1.0,False,False,2277,3,0.7968127490039834,2245.285714285714,2207.714285714286,-31754,True,19.720668394660038,0.75,None
2025-04-09,6,19,10,2251,5,1.0,False,False,2270,5,-0.30742204655248573,2252.714285714286,2216.714285714286,-31749,True,17.384996268778615,0.5,None
2025-04-10,18,25,17,2265,6,1.0,False,False,2290,11,0.8810572687224738,2261.714285714286,2225.6428571428573,-31738,True,18.14491926863843,0.35294117647058826,None
2025-04-11,8,22,8,2267,9,1.0,False,False,2289,-1,-0.04366812227074579,2268.8571428571427,2235.4285714285716,-31739,False,17.544501242178473,1.125,None
2025-04-13,5,26,10,2283,3,2.0,False,False,2309,7,0.8737439930100566,2277.4285714285716,2245.785714285714,-31732,True,20.614373164848217,0.3,None
2025-04-14,5,26,9,2282,13,1.0,False,False,2308,-4,-0.04330879168471524,2286.0,2254.9285714285716,-31736,False,18.72609587431005,1.4444444444444444,None
2025-04-15,4,19,12,2286,7,1.0,False,False,2305,5,-0.12998266897746857,2292.5714285714284,2264.0,-31731,True,15.458084647831734,0.5833333333333334,None
2025-04-16,11,30,5,2291,8,1.0,False,False,2321,-3,0.694143167028205,2298.8571428571427,2272.0714285714284,-31734,False,16.945290117610135,1.6,None
2025-04-17,7,26,10,2288,14,1.0,False,False,2314,-4,-0.30159414045669575,2305.1428571428573,2278.9285714285716,-31738,False,11.852265205574744,1.4,None
2025-04-20,4,15,6,2305,4,3.0,False,False,2320,2,0.2592912705272177,2309.4285714285716,2285.5714285714284,-31736,True,10.845231562586198,0.6666666666666666,None
2025-04-21,10,25,5,2308,6,1.0,False,False,2333,-1,0.5603448275862011,2315.714285714286,2292.285714285714,-31737,False,9.724784244314497,1.2,None
2025-04-22,7,19,14,2305,17,1.0,False,False,2324,-3,-0.385769395627944,2317.8571428571427,2297.6428571428573,-31740,False,9.651054718002895,1.2142857142857142,None
2025-04-23,3,23,4,2300,11,1.0,False,False,2323,-7,-0.0430292598967319,2320.0,2303.0,-31747,False,8.717797888630985,2.75,None
2025-04-24,3,9,7,2294,13,1.0,False,False,2303,-6,-0.860955660783469,2319.714285714286,2306.1428571428573,-31753,False,9.3043768516999,1.8571428571428572,None
2025-04-27,9,40,12,2301,4,3.0,False,False,2341,8,1.6500217108119886,2322.5714285714284,2310.714285714286,-31745,True,12.340409811376645,0.3333333333333333,None
2025-04-28,6,26,12,2307,8,1.0,False,False,2333,4,-0.34173430158052076,2325.285714285714,2315.214285714286,-31741,True,12.229939844431817,0.6666666666666666,None
2025-04-29,11,25,11,2304,15,1.0,False,False,2329,-4,-0.17145306472353683,2326.5714285714284,2318.0,-31745,False,12.053452381483906,1.3636363636363635,None
2025-04-30,7,34,9,2309,12,1.0,False,False,2343,-3,0.6011163589523472,2328.0,2321.8571428571427,-31748,False,13.453624048076335,1.3333333333333333,None
2025-05-01,13,32,14,2306,16,1.0,False,False,2338,-2,-0.21340162185232714,2330.0,2323.9285714285716,-31750,False,13.796134725360606,1.1428571428571428,None
2025-05-04,9,31,10,2335,5,3.0,False,False,2366,5,1.1976047904191711,2336.1428571428573,2328.0714285714284,-31745,True,18.81868372574963,0.5,None
2025-05-05,15,44,20,2331,17,1.0,False,False,2375,3,0.3803888419273038,2346.4285714285716,2333.0714285714284,-31742,True,17.299876135759053,0.85,None
2025-05-06,10,33,16,2339,16,1.0,False,False,2372,0,-0.1263157894736855,2350.8571428571427,2336.714285714286,-31742,False,19.50579889425348,1.0,None
2025-05-07,10,30,15,2335,10,1.0,False,False,2365,5,-0.295109612141653,2355.4285714285716,2340.3571428571427,-31737,True,18.338094620558653,0.6666666666666666,None
2025-05-08,15,24,16,2361,11,1.0,False,False,2385,5,0.8456659619450413,2363.4285714285716,2345.0,-31732,True,17.057326313909552,0.6875,None
2025-05-11,15,20,12,2385,3,3.0,False,False,2405,9,0.8385744234800763,2372.285714285714,2350.1428571428573,-31723,True,20.442719044479603,0.25,None
2025-05-12,7,33,14,2392,7,1.0,False,False,2425,7,0.8316008316008316,2384.714285714286,2357.3571428571427,-31716,True,22.4700859351152,0.5,None
2025-05-13,18,29,12,2394,11,1.0,False,False,2423,1,-0.08247422680411898,2392.8571428571427,2364.5,-31715,True,24.768451516048472,0.9166666666666666,None
2025-05-14,7,30,14,2394,11,1.0,False,False,2424,3,0.04127115146512761,2399.8571428571427,2373.1428571428573,-31712,True,25.783900477548702,0.7857142857142857,None
2025-05-15,15,31,14,2410,14,1.0,False,False,2441,0,0.7013201320132056,2409.714285714286,2380.285714285714,-31712,False,26.5374847200079,1.0,None
2025-05-18,13,28,14,2437,9,3.0,False,False,2465,5,0.9832036050798854,2424.0,2389.714285714286,-31707,True,25.344295874216265,0.6428571428571429,None
2025-05-19,7,27,17,2457,6,1.0,False,False,2484,11,0.7707910750507141,2438.1428571428573,2400.785714285714,-31696,True,27.48592713558331,0.35294117647058826,None
2025-05-21,14,62,13,2467,18,2.0,False,False,2529,-5,1.8115942028985588,2455.8571428571427,2414.0714285714284,-31701,False,39.77615940697588,1.3846153846153846,None
2025-05-22,18,36,17,2473,15,1.0,False,False,2509,2,-0.7908264136022192,2467.8571428571427,2426.285714285714,-31699,True,41.54687542004919,0.8823529411764706,None
2025-05-27,6,24,7,2504,11,5.0,False,False,2528,-4,0.757273814268622,2482.8571428571427,2437.8571428571427,-31703,False,41.607004905051745,1.5714285714285714,None
2025-05-28,12,39,12,2499,14,1.0,False,False,2538,-2,0.39556962025315556,2499.1428571428573,2449.5,-31705,False,36.757895167826234,1.1666666666666667,None
2025-05-29,13,38,15,2506,11,1.0,False,False,2544,4,0.23640661938533203,2513.8571428571427,2461.785714285714,-31701,True,29.503833488246087,0.7333333333333333,None
2025-06-01,8,24,16,2528,12,3.0,False,False,2552,4,0.3144654088050425,2526.285714285714,2475.1428571428573,-31697,True,23.128008170412205,0.75,None
2025-06-02,10,19,5,2518,16,1.0,False,False,2537,-11,-0.5877742946708508,2533.8571428571427,2486.0,-31708,False,13.75292176843565,3.2,None
2025-06-03,5,23,11,2519,15,1.0,False,False,2542,-4,0.19708316909736734,2535.714285714286,2495.785714285714,-31712,False,13.86499532145394,1.3636363636363635,None
2025-06-04,4,16,9,2516,16,1.0,False,False,2532,-7,-0.3933910306844979,2539.0,2503.4285714285716,-31719,False,7.937253934820713,1.7777777777777777,None
2025-06-05,8,26,5,2503,21,1.0,False,False,2529,-16,-0.11848341232227888,2539.1428571428573,2511.0,-31735,False,7.712080815319308,4.2,None
2025-06-08,10,16,15,2507,13,3.0,False,False,2523,2,-0.23724792408066353,2537.0,2518.0714285714284,-31733,True,9.865765725941902,0.8666666666666667,None
2025-06-09,8,21,14,2516,9,1.0,False,False,2537,5,0.5548949663099378,2536.0,2524.9285714285716,-31728,True,9.380831521024225,0.6428571428571429,None
2025-06-10,17,28,7,2511,12,1.0,False,False,2539,-5,0.07883326763893361,2534.1428571428573,2530.214285714286,-31733,False,6.542898733388372,1.7142857142857142,None
2025-06-17,7,24,10,2523,14,7.0,False,False,2547,-4,0.3150846790074935,2535.5714285714284,2534.714285714286,-31737,False,8.162049230732029,1.4,None
2025-06-19,8,19,7,2501,18,2.0,False,False,2520,-11,-1.0600706713780883,2532.4285714285716,2534.0714285714284,-31748,False,9.41376904565354,2.5714285714285716,None
2025-06-22,7,13,5,2508,7,3.0,False,False,2521,-2,0.03968253968253954,2530.8571428571427,2534.9285714285716,-31750,False,10.367072417131727,1.4,None
2025-06-23,3,15,5,2495,17,1.0,False,False,2510,-12,-0.4363347877826218,2528.1428571428573,2533.6428571428573,-31762,False,13.069411763174312,3.4,None
2025-06-24,5,20,5,2489,16,1.0,False,False,2509,-11,-0.03984063745019473,2526.1428571428573,2531.5714285714284,-31773,False,14.926805546914862,3.2,None
2025-06-25,6,12,2,2470,24,1.0,False,False,2482,-22,-1.0761259465922657,2518.285714285714,2527.1428571428573,-31795,False,21.351926422004297,12.0,None
2025-06-26,3,9,7,2447,35,1.0,False,False,2456,-28,-1.0475423045930743,2506.4285714285716,2520.285714285714,-31823,False,29.44405510418633,5.0,None
2025-06-29,5,17,7,2413,20,3.0,False,False,2430,-13,-1.0586319218241047,2489.714285714286,2512.6428571428573,-31836,False,35.217014286622145,2.857142857142857,None
2025-06-30,9,22,8,2407,16,1.0,False,False,2429,-8,-0.04115226337448874,2476.714285714286,2504.5714285714284,-31844,False,38.788805454635195,2.0,None
2025-07-01,7,14,6,2391,22,1.0,False,False,2405,-16,-0.9880609304240395,2460.1428571428573,2495.5,-31860,False,41.4062337154972,3.6666666666666665,None
2025-07-02,8,20,9,2373,38,1.0,False,False,2393,-29,-0.498960498960499,2443.4285714285716,2485.785714285714,-31889,False,41.54057110398596,4.222222222222222,None
2025-07-06,4,17,2,2332,8,4.0,False,False,2349,-6,-1.8386961972419513,2420.5714285714284,2473.3571428571427,-31895,False,43.42371526764402,4.0,None
2025-07-07,3,18,8,2317,20,1.0,False,False,2335,-12,-0.5959982971477262,2399.5714285714284,2458.9285714285716,-31907,False,44.30145649575783,2.5,None
2025-07-08,5,16,8,2306,20,1.0,False,False,2322,-12,-0.5567451820128522,2380.4285714285716,2443.4285714285716,-31919,False,44.80274226330672,2.5,None
2025-07-09,2,18,0,2281,32,1.0,False,False,2299,-32,-0.9905254091300608,2361.714285714286,2425.714285714286,-31951,False,47.89820555370301,,None
2025-07-10,2,12,3,2252,39,1.0,False,False,2264,-36,-1.5224010439321423,2338.1428571428573,2407.4285714285716,-31987,False,49.82779870550542,13.0,None
2025-07-13,1,13,4,2204,10,3.0,False,False,2217,-6,-2.075971731448767,2311.285714285714,2385.714285714286,-31993,False,57.81209298464407,2.5,None
2025-07-14,2,9,1,2181,26,1.0,False,False,2190,-25,-1.2178619756427644,2282.285714285714,2362.8571428571427,-32018,False,60.82684244584791,26.0,None
2025-07-15,0,8,5,2171,17,1.0,False,False,2179,-12,-0.5022831050228271,2258.0,2339.285714285714,-32030,False,63.62389488256293,3.4,None
2025-07-16,1,9,0,2164,11,1.0,False,False,2173,-11,-0.275355667737498,2234.8571428571427,2317.214285714286,-32041,False,60.325308595733304,,None
2025-07-17,3,16,2,2153,17,1.0,False,False,2169,-15,-0.18407731247124248,2213.0,2296.714285714286,-32056,False,50.38849074965214,8.5,None
2025-07-21,4,18,7,2121,16,4.0,False,False,2139,-9,-1.3831258644536604,2190.1428571428573,2275.9285714285716,-32065,False,40.11827751168,2.2857142857142856,None
2025-07-22,5,13,3,2117,16,1.0,False,False,2130,-13,-0.42075736325385416,2171.0,2254.5714285714284,-32078,False,29.59166549376379,5.333333333333333,None
2025-07-23,6,21,5,2111,14,1.0,False,False,2132,-9,0.09389671361501595,2158.8571428571427,2235.0714285714284,-32087,False,24.58609750457434,2.8,None
2025-07-24,6,18,7,2096,29,1.0,False,False,2114,-22,-0.8442776735459678,2148.0,2215.1428571428573,-32109,False,25.31139400931915,4.142857142857143,None
2025-07-27,1,12,2,2088,4,3.0,False,False,2100,-2,-0.6622516556291425,2136.714285714286,2197.3571428571427,-32111,False,26.756396654504464,2.0,None
2025-07-28,2,9,3,2080,14,1.0,False,False,2089,-11,-0.5238095238095264,2124.714285714286,2179.785714285714,-32122,False,26.606479698247764,4.666666666666667,None
2025-07-29,2,8,3,2072,12,1.0,False,False,2080,-9,-0.43082814743896636,2112.0,2162.5,-32131,False,22.927421719313998,4.0,None
2025-07-30,4,15,4,2063,16,1.0,False,False,2078,-12,-0.09615384615384581,2103.285714285714,2146.714285714286,-32143,False,22.54413660504131,4.0,None
2025-07-31,2,9,6,2058,15,1.0,False,False,2067,-9,-0.5293551491819093,2094.285714285714,2132.6428571428573,-32152,False,22.676818455568903,2.5,None
2025-08-03,5,26,3,2049,5,3.0,False,False,2075,-2,0.38703434929849845,2086.1428571428573,2122.5,-32154,False,16.18052915816778,1.6666666666666667,None
2025-08-04,5,22,11,2040,14,1.0,False,False,2062,-3,-0.6265060240963849,2078.714285714286,2113.3571428571427,-32157,False,12.854497083392353,1.2727272727272727,None
2025-08-05,2,21,10,2042,14,1.0,False,False,2063,-4,0.04849660523762456,2073.4285714285716,2105.0714285714284,-32161,False,9.913915185969797,1.4,None
2025-08-06,4,17,3,2036,13,1.0,False,False,2053,-10,-0.4847309743092554,2068.285714285714,2096.5,-32171,False,9.82707629971171,4.333333333333333,None
2025-08-07,4,18,6,2031,17,1.0,False,False,2049,-11,-0.1948368241597609,2063.8571428571427,2087.9285714285716,-32182,False,10.621182789053425,2.8333333333333335,None
2025-08-10,0,18,8,2006,12,3.0,False,False,2024,-4,-1.2201073694485087,2056.1428571428573,2079.714285714286,-32186,False,16.577379884606216,1.5,None
2025-08-11,6,23,4,1999,16,1.0,False,False,2022,-12,-0.09881422924901129,2049.714285714286,2072.0,-32198,False,20.030928467426747,4.0,None
2025-08-12,8,38,9,1999,9,1.0,False,False,2037,0,0.7418397626112849,2044.2857142857142,2065.214285714286,-32198,False,16.9481000488907,1.0,None
2025-08-13,6,22,12,1997,17,1.0,False,False,2019,-5,-0.8836524300441795,2038.142857142857,2058.4285714285716,-32203,False,17.247498094081667,1.4166666666666667,None
2025-08-14,3,27,4,1994,11,1.0,False,False,2021,-7,0.0990589400693409,2032.142857142857,2052.785714285714,-32210,False,14.194230888124745,2.75,None
2025-08-17,4,14,2,1991,3,3.0,False,False,2005,-1,-0.7916872835230127,2025.2857142857142,2046.7857142857142,-32211,False,14.032275721849842,1.5,None
2025-08-18,4,20,6,1985,14,1.0,False,False,2005,-8,0.0,2019.0,2041.4285714285713,-32219,False,11.210114481840323,2.3333333333333335,None
2025-08-19,5,35,3,1980,11,1.0,False,False,2015,-8,0.4987531172069737,2017.7142857142858,2036.9285714285713,-32227,False,11.056133830024113,3.6666666666666665,None
2025-08-20,10,38,10,1983,10,1.0,False,False,2021,0,0.29776674937964653,2017.5714285714287,2033.642857142857,-32227,False,10.997835286168382,1.0,None
2025-08-21,6,49,8,1972,21,1.0,False,False,2021,-13,0.0,2015.2857142857142,2029.7857142857142,-32240,False,7.341986239028752,2.625,None
2025-08-24,4,21,5,1981,5,3.0,False,False,2002,0,-0.9401286491835692,2012.857142857143,2025.5,-32240,False,8.610624667943718,1.0,None
2025-08-25,8,30,8,1980,11,1.0,False,False,2010,-3,0.3996003996004083,2011.2857142857142,2021.7142857142858,-32243,False,7.846746370361658,1.375,None
2025-08-26,10,21,20,1989,15,1.0,False,False,2010,5,0.0,2012.0,2018.642857142857,-32238,True,7.39369100625775,0.75,None
2025-08-27,5,19,9,1988,19,1.0,False,False,2007,-10,-0.14925373134327957,2012.2857142857142,2015.642857142857,-32248,False,7.111359124722685,2.111111111111111,None
2025-08-28,8,33,6,1984,17,1.0,False,False,2017,-11,0.49825610363727346,2012.5714285714287,2015.142857142857,-32259,False,7.276838666737577,2.8333333333333335,None
2025-09-01,10,29,17,2010,5,4.0,False,False,2039,12,1.0907288051561714,2015.142857142857,2016.357142857143,-32247,True,12.239670087010259,0.29411764705882354,None
2025-09-02,6,35,9,2020,9,1.0,False,False,2055,0,0.7846983815595898,2020.0,2017.642857142857,-32247,False,19.527758021919325,1.0,None
2025-09-03,4,29,11,2019,10,1.0,False,False,2048,1,-0.3406326034063212,2026.5714285714287,2019.7142857142858,-32246,True,20.189577698612464,0.9090909090909091,None
2025-09-04,11,40,2,2015,14,1.0,False,False,2055,-12,0.341796875,2033.0,2022.142857142857,-32258,False,21.173883284899713,7.0,None
2025-09-07,4,19,9,2026,7,3.0,False,False,2045,2,-0.48661800486617945,2038.0,2025.0,-32256,True,18.84144368219141,0.7777777777777778,None
2025-09-08,7,25,5,2025,6,1.0,False,False,2050,-1,0.24449877750611915,2044.142857142857,2028.2142857142858,-32257,False,13.221555273063565,1.2,None
2025-09-09,18,42,11,2023,14,1.0,False,False,2065,-3,0.7317073170731714,2051.0,2031.7857142857142,-32260,False,8.346656018776345,1.2727272727272727,None
2025-09-10,10,47,14,2025,18,1.0,False,False,2072,-4,0.3389830508474523,2055.714285714286,2035.4285714285713,-32264,False,9.655987534539062,1.2857142857142858,None
2025-09-11,12,38,29,2047,6,1.0,False,False,2085,23,0.6274131274131234,2060.0,2040.0,-32241,True,14.651507318215325,0.20689655172413793,None
2025-09-14,7,39,13,2083,5,3.0,False,False,2122,8,1.7745803357314127,2070.5714285714284,2048.5714285714284,-32233,True,26.475505301719274,0.38461538461538464,None
2025-09-15,9,47,10,2086,10,1.0,False,False,2133,0,0.5183788878416529,2081.714285714286,2057.3571428571427,-32233,False,34.13558400360261,1.0,None
2025-09-16,7,28,17,2095,12,1.0,False,False,2123,5,-0.46882325363337696,2092.8571428571427,2065.4285714285716,-32228,True,32.860455320009855,0.7058823529411765,None
2025-09-17,7,38,5,2096,13,1.0,False,False,2134,-8,0.5181347150259086,2104.8571428571427,2074.5,-32236,False,29.79613269936685,2.6,None
2025-09-18,20,52,11,2096,14,1.0,False,False,2148,-3,0.6560449859418949,2116.714285714286,2083.8571428571427,-32239,False,27.735141882939125,1.2727272727272727,None
2025-09-21,8,35,13,2134,5,3.0,False,False,2169,8,0.9776536312849249,2130.5714285714284,2093.1428571428573,-32231,True,25.838325171102078,0.38461538461538464,None
2025-09-22,17,40,14,2141,10,1.0,False,False,2181,4,0.5532503457814641,2144.285714285714,2102.1428571428573,-32227,True,22.932613499843644,0.7142857142857143,None
2025-09-23,11,36,10,2145,15,1.0,False,False,2181,-5,0.0,2152.714285714286,2111.6428571428573,-32232,False,24.184804360034434,1.5,None
2025-09-24,3,38,12,2138,17,1.0,False,False,2176,-5,-0.22925263640531934,2158.8571428571427,2120.285714285714,-32237,False,23.800760292572885,1.4166666666666667,None
2025-09-25,6,35,12,2132,18,1.0,False,False,2167,-6,-0.4136029411764719,2165.1428571428573,2129.0,-32243,False,17.808505191933506,1.5,None
2025-09-28,11,29,12,2146,9,3.0,False,False,2175,3,0.369173973234882,2171.0,2137.9285714285716,-32240,True,11.474609653268441,0.75,None
2025-09-29,8,35,12,2148,13,1.0,False,False,2183,-1,0.36781609195402076,2176.0,2146.3571428571427,-32241,False,6.191391875944013,1.0833333333333333,None
2025-09-30,8,32,12,2159,7,1.0,False,False,2191,5,0.3664681630783262,2179.1428571428573,2154.8571428571427,-32236,True,7.492853740131442,0.5833333333333334,None
2025-10-01,4,33,12,2163,14,1.0,False,False,2196,-2,0.22820629849384932,2181.285714285714,2162.785714285714,-32238,False,9.877825094602315,1.1666666666666667,None
2025-10-02,20,51,15,2164,16,1.0,False,False,2215,-1,0.8652094717668479,2186.1428571428573,2169.4285714285716,-32239,False,16.10826466458367,1.0666666666666667,None
2025-10-05,8,28,13,2180,16,3.0,False,False,2208,-3,-0.31602708803611934,2190.714285714286,2174.785714285714,-32242,False,17.250258798043394,1.2307692307692308,None
2025-10-06,5,33,15,2187,10,1.0,False,False,2220,5,0.5434782608695565,2198.285714285714,2181.714285714286,-32237,True,16.73035450708506,0.6666666666666666,None
2025-10-07,11,45,4,2189,10,1.0,False,False,2234,-6,0.6306306306306242,2206.714285714286,2188.8571428571427,-32243,False,17.867235244044,2.5,None
2025-10-08,8,49,15,2192,17,1.0,False,False,2241,-2,0.3133393017009878,2215.0,2195.5,-32245,False,18.475208614821714,1.1333333333333333,None
2025-10-09,11,55,13,2192,12,1.0,False,False,2247,1,0.2677376171352108,2223.0,2201.0714285714284,-32244,True,18.475208614820122,0.9230769230769231,None
2025-10-13,8,24,7,2223,6,4.0,False,False,2247,1,0.0,2230.285714285714,2205.785714285714,-32243,True,15.934389286461498,0.8571428571428571,None
2025-10-14,7,30,16,2235,8,1.0,False,False,2265,8,0.8010680907877266,2237.4285714285716,2211.785714285714,-32235,True,18.875532159740484,0.5,None
2025-10-15,8,29,10,2225,15,1.0,False,False,2254,-5,-0.4856512141280356,2244.0,2217.3571428571427,-32240,False,14.399074045262987,1.5,None
2025-10-16,9,33,15,2233,9,1.0,False,False,2266,6,0.5323868677906018,2250.5714285714284,2224.4285714285716,-32234,True,11.90038014714793,0.6,None
2025-10-19,9,34,17,2237,7,3.0,False,False,2271,10,0.22065313327448433,2255.8571428571427,2231.285714285714,-32224,True,11.524301446815441,0.4117647058823529,None
2025-10-20,10,39,6,2243,7,1.0,False,False,2282,-1,0.484368119771017,2261.714285714286,2238.3571428571427,-32225,False,13.034752085569998,1.1666666666666667,None
2025-10-21,13,39,17,2251,9,1.0,False,False,2290,8,0.35056967572304476,2267.8571428571427,2245.4285714285716,-32217,True,14.937966969113607,0.5294117647058824,None
2025-10-22,12,42,13,2261,12,1.0,False,False,2303,1,0.5676855895196509,2275.8571428571427,2253.0714285714284,-32216,True,16.787183320526083,0.9230769230769231,None
2025-10-23,4,27,26,2266,18,1.0,False,False,2293,8,-0.43421623968736833,2279.8571428571427,2258.6428571428573,-32208,True,17.101935285329315,0.6923076923076923,None
2025-10-26,4,35,12,2276,10,3.0,False,False,2311,2,0.7849978194504947,2288.0,2266.0,-32206,True,16.28905563133373,0.8333333333333334,None
2025-10-27,2,31,8,2282,11,1.0,False,False,2313,-3,0.08654262224145892,2294.714285714286,2272.6428571428573,-32209,False,15.370038883015392,1.375,None
2025-10-28,6,22,11,2286,6,1.0,False,False,2308,5,-0.2161694768698652,2300.0,2277.9285714285716,-32204,True,11.803954140905919,0.5454545454545454,None
2025-10-29,6,25,4,2280,17,1.0,False,False,2305,-13,-0.12998266897746857,2303.285714285714,2282.5,-32217,False,8.76953601577744,4.25,None
2025-10-30,3,17,14,2287,12,1.0,False,False,2304,2,-0.04338394793925726,2305.285714285714,2286.5714285714284,-32215,True,6.550172664289475,0.8571428571428571,None
2025-11-02,5,21,10,2277,7,3.0,False,False,2298,3,-0.26041666666666297,2304.5714285714284,2290.214285714286,-32212,True,7.091242085344554,0.7,None
2025-11-03,3,28,5,2269,12,1.0,False,False,2297,-7,-0.04351610095735259,2305.1428571428573,2292.5,-32219,False,6.094494004435609,2.4,None
2025-11-04,6,33,6,2270,8,1.0,False,False,2303,-2,0.2612102742707956,2304.0,2296.0,-32221,False,5.537749244405984,1.3333333333333333,None
2025-11-05,8,41,8,2272,7,1.0,False,False,2313,1,0.43421623968735723,2304.0,2299.3571428571427,-32220,True,5.537749244405984,0.875,None
2025-11-06,6,33,9,2264,19,1.0,False,False,2297,-10,-0.6917423259835687,2302.4285714285716,2301.214285714286,-32230,False,5.7693772898796105,2.111111111111111,None
2025-11-09,11,33,5,2294,4,3.0,False,False,2327,1,1.3060513713539335,2305.5714285714284,2304.4285714285716,-32229,True,11.012979356784253,0.8,None
2025-11-11,11,39,12,2294,14,2.0,False,False,2333,-2,0.25784271594326835,2309.714285714286,2307.5,-32231,False,15.041213224514493,1.1666666666666667,None
2025-11-12,14,48,20,2302,7,1.0,False,False,2350,13,0.7286755250750065,2317.1428571428573,2310.8571428571427,-32218,True,20.23551804385942,0.35,None
2025-11-13,6,26,16,2317,5,1.0,False,False,2343,11,-0.29787234042553123,2323.714285714286,2314.4285714285716,-32207,True,20.072487686679377,0.3125,None
2025-11-16,5,22,3,2340,5,3.0,False,False,2362,-2,0.8109261630388387,2332.1428571428573,2318.0714285714284,-32209,False,22.199313589312045,1.6666666666666667,None
2025-11-17,1,35,6,2343,8,1.0,False,False,2378,-2,0.6773920406435208,2341.4285714285716,2322.714285714286,-32211,False,26.107834985806353,1.3333333333333333,None
2025-11-18,2,38,8,2345,12,1.0,False,False,2383,-4,0.2102607232968845,2353.714285714286,2328.0714285714284,-32215,False,21.553919100674428,1.5,None
2025-11-19,7,32,3,2340,10,1.0,False,False,2372,-7,-0.46160302140159093,2360.1428571428573,2332.8571428571427,-32222,False,18.792095603466326,3.3333333333333335,None
2025-11-20,18,57,8,2340,9,1.0,False,False,2397,-1,1.0539629005059004,2369.285714285714,2339.5,-32223,False,18.953577373810383,1.125,None
2025-11-23,3,46,22,2375,1,3.0,False,False,2421,21,1.001251564455563,2379.4285714285716,2348.285714285714,-32202,True,24.959014022578405,0.045454545454545456,None
2025-11-24,9,40,9,2371,13,1.0,False,False,2411,-4,-0.41305245766212195,2389.1428571428573,2356.4285714285716,-32206,False,21.396483912932364,1.4444444444444444,None
2025-11-25,6,47,14,2375,11,1.0,False,False,2422,3,0.45624222314393226,2397.714285714286,2364.9285714285716,-32203,True,20.71806205379537,0.7857142857142857,None
2025-11-27,4,24,8,2389,7,2.0,False,False,2413,1,-0.37159372419488523,2402.714285714286,2372.0714285714284,-32202,True,19.34523443292684,0.875,None
2025-11-30,4,18,10,2415,0,3.0,False,False,2433,10,0.8288437629506928,2409.8571428571427,2381.785714285714,-32192,True,20.070115192402383,0.0,None
2025-12-01,4,26,4,2410,9,1.0,False,False,2436,-5,0.12330456226881115,2419.0,2389.5714285714284,-32197,False,13.428824719984739,2.25,None
2025-12-02,7,34,6,2407,8,1.0,False,False,2441,-2,0.20525451559934016,2425.285714285714,2397.285714285714,-32199,False,11.586116487624686,1.3333333333333333,None
2025-12-03,4,32,8,2419,7,1.0,False,False,2451,1,0.4096681687832948,2429.5714285714284,2404.5,-32198,True,14.830791650450696,0.875,None
2025-12-04,16,39,7,2418,13,1.0,False,False,2457,-6,0.244798041615657,2436.1428571428573,2412.6428571428573,-32204,False,15.410262505968525,1.8571428571428572,None
2025-12-07,4,24,13,2429,12,3.0,False,False,2453,1,-0.16280016280015852,2440.5714285714284,2419.1428571428573,-32203,True,15.120153691206175,0.9230769230769231,None
2025-12-08,9,27,9,2440,4,1.0,False,False,2467,5,0.570729718711771,2448.285714285714,2425.5,-32198,True,12.202653888862478,0.4444444444444444,None
2025-12-09,4,30,7,2443,8,1.0,False,False,2473,-1,0.2432103769760774,2454.0,2431.9285714285716,-32199,False,13.17826493485567,1.1428571428571428,None
2025-12-10,10,54,5,2439,9,1.0,False,False,2493,-4,0.8087343307723316,2462.1428571428573,2440.5714285714284,-32203,False,17.199114042184227,1.8,None
2025-12-11,7,47,9,2437,10,1.0,False,False,2484,-1,-0.3610108303249149,2468.285714285714,2446.785714285714,-32204,False,16.028248872888764,1.1111111111111112,None
2025-12-14,8,35,4,2462,8,3.0,False,False,2497,-4,0.523349436392917,2474.8571428571427,2452.214285714286,-32208,False,17.150593493209364,2.0,None
2025-12-15,11,42,9,2470,7,1.0,False,False,2512,2,0.6007208650380402,2482.714285714286,2459.4285714285716,-32206,True,19.972600279662522,0.7777777777777778,None
2025-12-16,8,54,15,2468,9,1.0,False,False,2522,6,0.398089171974525,2492.5714285714284,2466.5714285714284,-32200,True,19.890174650952915,0.6,None
2025-12-17,7,31,11,2481,10,1.0,False,False,2512,1,-0.3965107057890549,2499.0,2473.6428571428573,-32199,True,17.358955422480456,0.9090909090909091,None
2025-12-18,11,50,6,2472,16,1.0,False,False,2522,-10,0.398089171974525,2506.0,2480.0,-32209,False,14.821156051164209,2.6666666666666665,None
2025-12-21,6,18,11,2484,14,3.0,False,False,2502,-3,-0.7930214115781098,2507.285714285714,2484.714285714286,-32212,False,13.864995321469936,1.2727272727272727,None
